{"stats":{"minecraft:custom":{"minecraft:time_since_rest":26542,"minecraft:waystone_activated":1,"lootr:looted_stat":3,"minecraft:sprint_one_cm":71457,"minecraft:damage_taken":515,"minecraft:walk_one_cm":357192,"minecraft:trigger_trapped_chest":1,"minecraft:mob_kills":4,"minecraft:drop":1,"minecraft:damage_dealt":397,"minecraft:interact_with_crafting_table":4,"minecraft:swim_one_cm":1088,"minecraft:fly_one_cm":10391,"minecraft:open_chest":7,"minecraft:crouch_one_cm":2419,"minecraft:play_time":38303,"minecraft:deaths":1,"minecraft:sneak_time":211,"minecraft:walk_under_water_one_cm":280,"minecraft:jump":326,"minecraft:leave_game":1,"minecraft:time_since_death":27317,"minecraft:walk_on_water_one_cm":4154,"minecraft:total_world_time":38303,"minecraft:climb_one_cm":201,"minecraft:fall_one_cm":7550},"minecraft:used":{"minecraft:bread":1,"minecraft:wooden_pickaxe":57,"minecraft:stone_axe":8,"minecraft:torch":17,"minecraft:crafting_table":3,"minecraft:birch_log":1,"tombstone:gift":1,"minecraft:egg":1},"minecraft:dropped":{"minecraft:wooden_pickaxe":1},"minecraft:crafted":{"minecraft:crafting_table":1,"minecraft:stick":12,"minecraft:wooden_pickaxe":1,"minecraft:stone_pickaxe":1,"minecraft:torch":24,"minecraft:birch_planks":16,"minecraft:stone_axe":1},"minecraft:killed":{"minecraft:sheep":2,"minecraft:pig":2},"minecraft:picked_up":{"minecraft:birch_log":8,"minecraft:crafting_table":2,"minecraft:sweet_berries":37,"minecraft:brown_mushroom":1,"minecraft:torch":15,"minecraft:wooden_pickaxe":1,"minecraft:red_mushroom":2,"minecraft:porkchop":4,"ancient_elements:raw_tin":8,"minecraft:spruce_log":2,"minecraft:dirt":19,"minecraft:moss_carpet":2,"minecraft:wheat_seeds":8,"minecraft:poppy":1,"minecraft:moss_block":1,"minecraft:chest":1,"minecraft:sugar_cane":15,"minecraft:mutton":2,"minecraft:white_wool":2,"minecraft:cobblestone":7,"minecraft:egg":1},"minecraft:killed_by":{"ancient_elements:aetherial_glaze":1},"minecraft:mined":{"minecraft:brown_mushroom":1,"minecraft:birch_log":9,"minecraft:blue_ice":5,"minecraft:sweet_berry_bush":14,"minecraft:ice":1,"minecraft:spruce_log":2,"minecraft:birch_leaves":1,"minecraft:moss_carpet":1,"ancient_elements:tin_ore":8,"minecraft:torch":14,"minecraft:crafting_table":2,"minecraft:grass":42,"minecraft:grass_block":9,"minecraft:vine":1,"minecraft:chest":1,"minecraft:dirt":10,"minecraft:moss_block":1,"minecraft:red_mushroom_block":5,"minecraft:tall_grass":8,"minecraft:spruce_leaves":1,"minecraft:stone":2,"minecraft:sugar_cane":6,"minecraft:oak_leaves":1,"minecraft:wall_torch":2,"minecraft:fern":2}},"DataVersion":3465}