{"stats":{"minecraft:custom":{"lootr:looted_stat":6,"minecraft:mob_kills":7,"minecraft:interact_with_crafting_table":4,"minecraft:leave_game":1,"minecraft:time_since_death":33317,"minecraft:climb_one_cm":603,"minecraft:time_since_rest":32542,"minecraft:waystone_activated":1,"minecraft:sprint_one_cm":71524,"minecraft:damage_taken":625,"minecraft:walk_one_cm":482844,"minecraft:trigger_trapped_chest":1,"minecraft:drop":1,"minecraft:damage_dealt":837,"minecraft:swim_one_cm":1088,"minecraft:fly_one_cm":10550,"minecraft:open_chest":7,"minecraft:crouch_one_cm":3005,"minecraft:play_time":44303,"tombstone:undead_killed":2,"minecraft:deaths":1,"minecraft:sneak_time":227,"minecraft:walk_under_water_one_cm":6160,"minecraft:jump":527,"minecraft:walk_on_water_one_cm":17464,"minecraft:total_world_time":44303,"minecraft:fall_one_cm":10474},"minecraft:broken":{"minecraft:wooden_pickaxe":1},"minecraft:used":{"minecraft:stone_pickaxe":3,"minecraft:wooden_pickaxe":78,"minecraft:torch":19,"minecraft:crafting_table":3,"minecraft:bread":2,"minecraft:stone_axe":8,"minecraft:birch_log":1,"tombstone:gift":1,"mokels_weaponry:scythe_saw":8,"minecraft:egg":1},"minecraft:dropped":{"minecraft:wooden_pickaxe":1},"minecraft:crafted":{"minecraft:crafting_table":1,"minecraft:wooden_pickaxe":1,"minecraft:birch_planks":16,"minecraft:stone_axe":1,"minecraft:stick":12,"minecraft:stone_pickaxe":1,"minecraft:torch":24},"minecraft:killed":{"minecraft:pig":2,"minecraft:sheep":2,"minecraft:zombie":2,"minecraft:chicken":1},"minecraft:picked_up":{"minecraft:birch_log":8,"minecraft:magma_block":3,"minecraft:crafting_table":2,"minecraft:chicken":1,"minecraft:clay_ball":16,"minecraft:brown_mushroom":1,"minecraft:lead":1,"minecraft:wooden_pickaxe":1,"minecraft:red_mushroom":2,"minecraft:dirt":44,"minecraft:moss_carpet":2,"minecraft:wheat_seeds":8,"minecraft:spruce_planks":1,"minecraft:calcite":2,"minecraft:poppy":1,"minecraft:moss_block":1,"minecraft:sugar_cane":19,"minecraft:chest":1,"minecraft:oak_planks":4,"minecraft:flowering_azalea":1,"minecraft:egg":2,"minecraft:sweet_berries":37,"minecraft:big_dripleaf":5,"minecraft:torch":16,"minecraft:raw_iron_block":2,"minecraft:gravel":1,"minecraft:porkchop":4,"ancient_elements:raw_tin":8,"minecraft:spruce_log":2,"minecraft:rotten_flesh":3,"minecraft:painting":1,"minecraft:mutton":2,"minecraft:white_wool":2,"minecraft:cobblestone":7},"minecraft:killed_by":{"ancient_elements:aetherial_glaze":1},"minecraft:mined":{"minecraft:spruce_planks":1,"minecraft:flowering_azalea":1,"minecraft:brown_mushroom":1,"minecraft:clay":4,"minecraft:crafting_table":2,"minecraft:torch":15,"minecraft:grass_block":14,"minecraft:calcite":2,"minecraft:chest":1,"minecraft:tall_grass":8,"minecraft:spruce_leaves":1,"minecraft:sugar_cane":6,"minecraft:moss_block":1,"minecraft:wall_torch":2,"minecraft:magma_block":3,"minecraft:raw_iron_block":1,"minecraft:birch_log":9,"minecraft:ice":1,"minecraft:sweet_berry_bush":14,"minecraft:blue_ice":5,"minecraft:spruce_log":2,"minecraft:birch_leaves":1,"minecraft:moss_carpet":1,"ancient_elements:tin_ore":8,"minecraft:big_dripleaf_stem":1,"minecraft:grass":42,"minecraft:vine":1,"minecraft:gravel":1,"minecraft:dirt":30,"minecraft:red_mushroom_block":5,"minecraft:stone":2,"minecraft:oak_leaves":1,"minecraft:fern":3}},"DataVersion":3465}