{"stats":{"minecraft:custom":{"minecraft:time_since_rest":5402,"minecraft:open_chest":3,"minecraft:waystone_activated":1,"minecraft:crouch_one_cm":1238,"minecraft:play_time":17163,"minecraft:sprint_one_cm":51214,"minecraft:walk_one_cm":125370,"minecraft:damage_taken":475,"minecraft:deaths":1,"minecraft:sneak_time":124,"minecraft:trigger_trapped_chest":1,"minecraft:walk_under_water_one_cm":128,"minecraft:jump":60,"minecraft:damage_dealt":7,"minecraft:time_since_death":6177,"minecraft:walk_on_water_one_cm":3168,"minecraft:total_world_time":17163,"minecraft:swim_one_cm":1088,"minecraft:interact_with_crafting_table":1,"minecraft:fall_one_cm":4848,"minecraft:fly_one_cm":8426},"minecraft:used":{"minecraft:crafting_table":1,"minecraft:bread":1,"tombstone:gift":1},"minecraft:crafted":{"minecraft:birch_planks":8,"minecraft:crafting_table":1,"minecraft:stick":4},"minecraft:picked_up":{"minecraft:birch_log":3,"minecraft:chest":1,"minecraft:egg":1},"minecraft:killed_by":{"ancient_elements:aetherial_glaze":1},"minecraft:mined":{"minecraft:chest":1,"minecraft:birch_log":3,"minecraft:spruce_leaves":1}},"DataVersion":3465}