{"stats":{"minecraft:picked_up":{"minecraft:birch_log":8,"minecraft:crafting_table":2,"minecraft:magma_block":3,"minecraft:wheat":29,"minecraft:clay_ball":16,"minecraft:chicken":1,"minecraft:brown_mushroom":1,"minecraft:lead":1,"minecraft:wooden_pickaxe":1,"minecraft:red_mushroom":2,"aether:leather_gloves":1,"minecraft:dirt":100,"minecraft:moss_carpet":2,"minecraft:item_frame":2,"minecraft:bone":1,"minecraft:wheat_seeds":83,"minecraft:spruce_planks":1,"minecraft:iron_ingot":2,"minecraft:calcite":2,"minecraft:poppy":1,"minecraft:moss_block":1,"minecraft:sugar_cane":19,"minecraft:chest":1,"minecraft:oak_planks":4,"minecraft:flowering_azalea":1,"minecraft:egg":3,"minecraft:raw_iron":2,"minecraft:sweet_berries":37,"minecraft:big_dripleaf":5,"minecraft:torch":16,"minecraft:raw_iron_block":2,"minecraft:gravel":1,"minecraft:porkchop":4,"ancient_elements:raw_tin":8,"minecraft:spruce_log":6,"minecraft:rotten_flesh":3,"minecraft:painting":1,"minecraft:spruce_sign":6,"minecraft:mutton":2,"minecraft:white_wool":2,"minecraft:rail":18,"minecraft:cobblestone":7},"minecraft:broken":{"minecraft:wooden_pickaxe":1},"minecraft:crafted":{"minecraft:raw_iron":18,"minecraft:crafting_table":3,"minecraft:spruce_planks":44,"minecraft:wooden_pickaxe":1,"minecraft:birch_planks":28,"minecraft:stone_axe":1,"minecraft:spruce_trapdoor":2,"minecraft:iron_axe":1,"minecraft:stick":24,"minecraft:iron_ingot":17,"minecraft:iron_pickaxe":2,"minecraft:stone_pickaxe":1,"minecraft:birch_trapdoor":2,"rpgsmw:woodenfiber":1,"minecraft:torch":24},"minecraft:killed":{"minecraft:pig":2,"minecraft:sheep":2,"minecraft:skeleton":1,"minecraft:zombie":4,"minecraft:chicken":1},"minecraft:dropped":{"minecraft:gravel":1,"minecraft:spruce_sign":4,"minecraft:obsidian":9,"minecraft:wooden_pickaxe":1,"minecraft:egg":1},"minecraft:killed_by":{"ancient_elements:aetherial_glaze":1},"minecraft:used":{"minecraft:stone_pickaxe":3,"minecraft:chest":2,"minecraft:spruce_planks":2,"minecraft:wooden_pickaxe":78,"minecraft:torch":25,"minecraft:dirt":1,"minecraft:crafting_table":5,"minecraft:bread":3,"minecraft:spruce_trapdoor":2,"minecraft:stone_axe":17,"minecraft:birch_trapdoor":2,"minecraft:furnace":2,"minecraft:birch_log":1,"tombstone:gift":1,"mokels_weaponry:scythe_saw":8,"minecraft:egg":1,"simple_weapons:iron_scythe":4},"minecraft:mined":{"minecraft:spruce_planks":1,"minecraft:flowering_azalea":1,"minecraft:brown_mushroom":1,"minecraft:farmland":1,"minecraft:clay":4,"minecraft:crafting_table":2,"minecraft:torch":15,"minecraft:grass_block":18,"minecraft:calcite":2,"minecraft:chest":1,"minecraft:spruce_wall_sign":1,"minecraft:tall_grass":8,"minecraft:spruce_leaves":1,"minecraft:sugar_cane":6,"minecraft:moss_block":1,"minecraft:wall_torch":2,"minecraft:raw_iron_block":1,"minecraft:magma_block":3,"minecraft:birch_log":9,"minecraft:wheat":32,"minecraft:sweet_berry_bush":14,"minecraft:blue_ice":5,"minecraft:ice":1,"minecraft:spruce_log":5,"minecraft:birch_leaves":1,"minecraft:moss_carpet":1,"ancient_elements:tin_ore":8,"minecraft:big_dripleaf_stem":1,"minecraft:grass":42,"minecraft:vine":1,"minecraft:rail":18,"minecraft:gravel":1,"minecraft:dirt":81,"minecraft:red_mushroom_block":5,"minecraft:stone":2,"minecraft:oak_leaves":1,"minecraft:fern":3},"minecraft:custom":{"minecraft:interact_with_furnace":7,"lootr:looted_stat":16,"minecraft:mob_kills":10,"minecraft:interact_with_crafting_table":9,"minecraft:damage_dealt_resisted":0,"minecraft:leave_game":2,"minecraft:time_since_death":43621,"minecraft:climb_one_cm":739,"minecraft:time_since_rest":42846,"minecraft:waystone_activated":1,"minecraft:sprint_one_cm":71635,"minecraft:damage_taken":685,"minecraft:walk_one_cm":599601,"minecraft:trigger_trapped_chest":1,"minecraft:drop":15,"minecraft:damage_dealt":1205,"minecraft:swim_one_cm":1088,"minecraft:talked_to_villager":1,"minecraft:fly_one_cm":10710,"minecraft:open_chest":16,"minecraft:crouch_one_cm":5802,"minecraft:play_time":54607,"tombstone:undead_killed":5,"minecraft:deaths":1,"minecraft:sneak_time":323,"minecraft:walk_under_water_one_cm":6160,"minecraft:jump":588,"minecraft:walk_on_water_one_cm":17464,"minecraft:total_world_time":54607,"minecraft:fall_one_cm":10474}},"DataVersion":3465}