{"stats":{"minecraft:custom":{"minecraft:time_since_rest":17402,"minecraft:open_chest":7,"lootr:looted_stat":3,"minecraft:waystone_activated":1,"minecraft:crouch_one_cm":1469,"minecraft:play_time":29163,"minecraft:sprint_one_cm":64015,"minecraft:walk_one_cm":187567,"minecraft:damage_taken":485,"minecraft:deaths":1,"minecraft:sneak_time":154,"minecraft:trigger_trapped_chest":1,"minecraft:walk_under_water_one_cm":128,"minecraft:jump":181,"minecraft:damage_dealt":37,"minecraft:time_since_death":18177,"minecraft:walk_on_water_one_cm":3168,"minecraft:total_world_time":29163,"minecraft:swim_one_cm":1088,"minecraft:interact_with_crafting_table":2,"minecraft:fall_one_cm":6255,"minecraft:fly_one_cm":9919},"minecraft:used":{"minecraft:crafting_table":1,"minecraft:bread":1,"minecraft:birch_log":1,"tombstone:gift":1,"minecraft:egg":1,"minecraft:wooden_pickaxe":20},"minecraft:crafted":{"minecraft:birch_planks":12,"minecraft:crafting_table":1,"minecraft:stick":4,"minecraft:wooden_pickaxe":1},"minecraft:picked_up":{"minecraft:birch_log":4,"minecraft:crafting_table":1,"minecraft:wheat_seeds":1,"minecraft:chest":1,"minecraft:dirt":14,"minecraft:cobblestone":5,"minecraft:egg":1},"minecraft:killed_by":{"ancient_elements:aetherial_glaze":1},"minecraft:mined":{"minecraft:grass_block":5,"minecraft:chest":1,"minecraft:dirt":8,"minecraft:birch_log":4,"minecraft:blue_ice":5,"minecraft:spruce_leaves":1,"minecraft:crafting_table":1}},"DataVersion":3465}