{"stats":{"minecraft:custom":{"minecraft:jump":15,"minecraft:open_chest":1,"minecraft:time_since_rest":5163,"minecraft:waystone_activated":1,"minecraft:crouch_one_cm":208,"minecraft:sprint_one_cm":9197,"minecraft:damage_taken":35,"minecraft:play_time":5163,"minecraft:walk_on_water_one_cm":1024,"minecraft:time_since_death":5163,"minecraft:walk_one_cm":38019,"minecraft:sneak_time":14,"minecraft:total_world_time":5163,"minecraft:walk_under_water_one_cm":99,"minecraft:swim_one_cm":637,"minecraft:fly_one_cm":4321},"minecraft:picked_up":{"minecraft:chest":1},"minecraft:mined":{"minecraft:chest":1}},"DataVersion":3465}