{"stats":{"minecraft:custom":{"minecraft:time_since_rest":24170,"minecraft:waystone_activated":1,"lootr:looted_stat":3,"minecraft:sprint_one_cm":71457,"minecraft:damage_taken":515,"minecraft:walk_one_cm":307393,"minecraft:trigger_trapped_chest":1,"minecraft:mob_kills":4,"minecraft:drop":1,"minecraft:damage_dealt":397,"minecraft:interact_with_crafting_table":4,"minecraft:swim_one_cm":1088,"minecraft:fly_one_cm":10286,"minecraft:open_chest":7,"minecraft:crouch_one_cm":2245,"minecraft:play_time":35931,"minecraft:deaths":1,"minecraft:sneak_time":206,"minecraft:walk_under_water_one_cm":280,"minecraft:jump":244,"minecraft:leave_game":1,"minecraft:walk_on_water_one_cm":3922,"minecraft:time_since_death":24945,"minecraft:climb_one_cm":201,"minecraft:total_world_time":35931,"minecraft:fall_one_cm":7070},"minecraft:used":{"minecraft:bread":1,"minecraft:wooden_pickaxe":57,"minecraft:stone_axe":8,"minecraft:torch":8,"minecraft:crafting_table":3,"minecraft:birch_log":1,"tombstone:gift":1,"minecraft:egg":1},"minecraft:dropped":{"minecraft:wooden_pickaxe":1},"minecraft:crafted":{"minecraft:crafting_table":1,"minecraft:stick":8,"minecraft:wooden_pickaxe":1,"minecraft:stone_pickaxe":1,"minecraft:torch":8,"minecraft:birch_planks":16,"minecraft:stone_axe":1},"minecraft:killed":{"minecraft:sheep":2,"minecraft:pig":2},"minecraft:picked_up":{"minecraft:birch_log":8,"minecraft:crafting_table":2,"minecraft:sweet_berries":37,"minecraft:brown_mushroom":1,"minecraft:wooden_pickaxe":1,"minecraft:porkchop":4,"ancient_elements:raw_tin":8,"minecraft:spruce_log":2,"minecraft:dirt":15,"minecraft:wheat_seeds":1,"minecraft:sugar_cane":15,"minecraft:chest":1,"minecraft:mutton":2,"minecraft:white_wool":2,"minecraft:cobblestone":7,"minecraft:egg":1},"minecraft:killed_by":{"ancient_elements:aetherial_glaze":1},"minecraft:mined":{"minecraft:brown_mushroom":1,"minecraft:ice":1,"minecraft:birch_log":9,"minecraft:sweet_berry_bush":14,"minecraft:blue_ice":5,"minecraft:spruce_log":2,"minecraft:birch_leaves":1,"ancient_elements:tin_ore":8,"minecraft:crafting_table":2,"minecraft:grass_block":5,"minecraft:vine":1,"minecraft:chest":1,"minecraft:dirt":9,"minecraft:spruce_leaves":1,"minecraft:stone":2,"minecraft:sugar_cane":6,"minecraft:oak_leaves":1,"minecraft:fern":2}},"DataVersion":3465}