{"stats":{"minecraft:custom":{"minecraft:jump":49,"minecraft:open_chest":4,"minecraft:time_since_rest":5869,"minecraft:interact_with_furnace":2,"minecraft:waystone_activated":1,"minecraft:damage_dealt":64,"minecraft:crouch_one_cm":579,"minecraft:sprint_one_cm":20822,"minecraft:walk_on_water_one_cm":284,"minecraft:play_time":5869,"minecraft:damage_taken":228,"minecraft:time_since_death":5869,"minecraft:walk_one_cm":34341,"minecraft:sneak_time":176,"minecraft:total_world_time":5869,"minecraft:walk_under_water_one_cm":1272,"minecraft:fall_one_cm":1325,"minecraft:fly_one_cm":15393},"minecraft:used":{"minecraft:chest":2,"minecraft:furnace":4}},"DataVersion":3465}