{"stats":{"minecraft:custom":{"lootr:looted_stat":6,"minecraft:interact_with_furnace":8,"minecraft:mob_kills":10,"minecraft:inspect_hopper":1,"minecraft:interact_with_crafting_table":6,"minecraft:damage_dealt_resisted":0,"minecraft:leave_game":1,"minecraft:time_since_death":6049,"minecraft:time_since_rest":5999,"minecraft:waystone_activated":1,"minecraft:sprint_one_cm":141126,"minecraft:open_enderchest":1,"minecraft:damage_taken":2285,"minecraft:walk_one_cm":238214,"minecraft:trigger_trapped_chest":3,"minecraft:drop":7,"minecraft:damage_dealt":3417,"minecraft:swim_one_cm":58149,"minecraft:fly_one_cm":188489,"minecraft:open_chest":31,"minecraft:crouch_one_cm":4348,"minecraft:play_time":44848,"tombstone:undead_killed":8,"minecraft:deaths":4,"minecraft:sneak_time":1107,"minecraft:walk_under_water_one_cm":19658,"minecraft:jump":840,"minecraft:walk_on_water_one_cm":21737,"minecraft:total_world_time":44848,"minecraft:fall_one_cm":32899},"minecraft:broken":{"minecraft:stone_shovel":1},"minecraft:used":{"minecraft:writable_book":2,"minecraft:birch_planks":3,"minecraft:stone_shovel":134,"minecraft:stone_pickaxe":18,"minecraft:ender_pearl":1,"minecraft:chest":4,"minecraft:wooden_pickaxe":21,"minecraft:sandstone":8,"minecraft:torch":3,"minecraft:dirt":77,"minecraft:crafting_table":5,"simple_weapons:iron_katana":156,"minecraft:spruce_boat":3,"minecraft:bread":12,"minecraft:light_blue_bed":2,"tombstone:grave_key":3,"minecraft:fishing_rod":8,"minecraft:furnace":4,"tombstone:gift":2,"minecraft:iron_leggings":1},"minecraft:dropped":{"minecraft:bread":1,"minecraft:wheat_seeds":1,"minecraft:decorated_pot":1,"minecraft:allium":24,"aether:iron_gloves":1,"minecraft:stone_pickaxe":1},"minecraft:crafted":{"minecraft:stone_shovel":1,"minecraft:crafting_table":3,"minecraft:spruce_planks":28,"minecraft:wooden_pickaxe":1,"minecraft:birch_planks":20,"minecraft:stick":8,"minecraft:iron_ingot":1,"minecraft:stone_pickaxe":1,"minecraft:chest":1,"minecraft:spruce_boat":1,"minecraft:torch":4},"minecraft:killed":{"treasure2:bound_soul":3,"mokels_adventure:hatchling":2,"mokels_adventure:gohmo":5},"minecraft:picked_up":{"minecraft:birch_log":5,"minecraft:crafting_table":4,"minecraft:allium":25,"mokels_adventure:egg_shell_fragment":2,"minecraft:dirt":144,"treasure2:pirate_chest":1,"minecraft:wheat_seeds":1,"mokels_adventure:gomohbones":5,"minecraft:stone_pickaxe":1,"minecraft:chest":2,"minecraft:oak_planks":1,"minecraft:stick":2,"minecraft:sandstone":8,"minecraft:torch":2,"minecraft:porkchop":1,"ancient_elements:raw_tin":2,"minecraft:spruce_log":7,"minecraft:light_blue_bed":2,"minecraft:rotten_flesh":1,"minecraft:decorated_pot":1,"minecraft:spruce_boat":3,"treasure2:sapphire":1,"minecraft:bread":1,"minecraft:cobblestone":26,"minecraft:ender_pearl":5},"minecraft:killed_by":{"ancient_elements:aetherial_glaze":1,"gamma_beasts:careyatros_a":2},"minecraft:mined":{"minecraft:acacia_leaves":7,"minecraft:crafting_table":4,"minecraft:torch":2,"minecraft:allium":1,"minecraft:grass_block":89,"minecraft:decorated_pot":1,"minecraft:yellow_carpet":1,"minecraft:chest":2,"minecraft:spruce_leaves":4,"minecraft:sandstone":9,"minecraft:wall_torch":1,"treasure2:pirate_chest":1,"minecraft:light_blue_bed":2,"minecraft:birch_log":5,"minecraft:spruce_log":7,"ancient_elements:tin_ore":2,"minecraft:grass":4,"biox:aquatic_lichen":4,"minecraft:dirt":58,"minecraft:stone":26}},"DataVersion":3465}