{"stats":{"minecraft:custom":{"minecraft:time_since_rest":1780,"minecraft:waystone_activated":1,"lootr:looted_stat":3,"minecraft:interact_with_furnace":8,"minecraft:sprint_one_cm":117189,"minecraft:open_enderchest":1,"minecraft:damage_taken":1463,"minecraft:walk_one_cm":179749,"minecraft:trigger_trapped_chest":3,"minecraft:drop":5,"minecraft:inspect_hopper":1,"minecraft:damage_dealt":111,"minecraft:swim_one_cm":12011,"minecraft:interact_with_crafting_table":4,"minecraft:fly_one_cm":129938,"minecraft:open_chest":24,"minecraft:crouch_one_cm":3407,"minecraft:play_time":36634,"minecraft:deaths":2,"minecraft:sneak_time":996,"minecraft:walk_under_water_one_cm":4018,"minecraft:jump":576,"minecraft:leave_game":1,"minecraft:walk_on_water_one_cm":4901,"minecraft:time_since_death":1827,"minecraft:total_world_time":36634,"minecraft:fall_one_cm":25659},"minecraft:broken":{"minecraft:stone_shovel":1},"minecraft:used":{"minecraft:writable_book":2,"minecraft:birch_planks":3,"minecraft:stone_shovel":134,"minecraft:bread":6,"minecraft:stone_pickaxe":7,"minecraft:ender_pearl":1,"minecraft:chest":2,"minecraft:wooden_pickaxe":21,"tombstone:grave_key":3,"minecraft:torch":2,"minecraft:dirt":77,"minecraft:crafting_table":3,"minecraft:furnace":4,"tombstone:gift":1,"minecraft:iron_leggings":1},"minecraft:dropped":{"minecraft:wheat_seeds":1,"minecraft:allium":24,"aether:iron_gloves":1,"minecraft:stone_pickaxe":1},"minecraft:crafted":{"minecraft:stone_shovel":1,"minecraft:crafting_table":2,"minecraft:spruce_planks":28,"minecraft:stick":8,"minecraft:iron_ingot":1,"minecraft:wooden_pickaxe":1,"minecraft:stone_pickaxe":1,"minecraft:torch":4,"minecraft:birch_planks":20},"minecraft:picked_up":{"minecraft:birch_log":5,"minecraft:allium":25,"minecraft:crafting_table":2,"minecraft:torch":2,"minecraft:porkchop":1,"ancient_elements:raw_tin":2,"minecraft:spruce_log":7,"minecraft:dirt":144,"minecraft:wheat_seeds":1,"minecraft:stone_pickaxe":1,"minecraft:oak_planks":1,"minecraft:cobblestone":26,"minecraft:ender_pearl":5},"minecraft:killed_by":{"ancient_elements:aetherial_glaze":1},"minecraft:mined":{"minecraft:birch_log":5,"minecraft:spruce_log":7,"ancient_elements:tin_ore":2,"minecraft:torch":2,"minecraft:crafting_table":2,"minecraft:grass":4,"minecraft:allium":1,"minecraft:grass_block":89,"minecraft:yellow_carpet":1,"minecraft:dirt":58,"minecraft:spruce_leaves":4,"minecraft:stone":26}},"DataVersion":3465}