{"stats":{"minecraft:custom":{"minecraft:time_since_rest":4949,"minecraft:open_chest":11,"minecraft:waystone_activated":1,"minecraft:deaths":1,"minecraft:crouch_one_cm":1830,"minecraft:play_time":17869,"minecraft:interact_with_furnace":8,"minecraft:sprint_one_cm":68046,"minecraft:open_enderchest":1,"minecraft:damage_taken":613,"minecraft:walk_one_cm":85936,"minecraft:sneak_time":658,"minecraft:trigger_trapped_chest":2,"minecraft:walk_under_water_one_cm":1272,"minecraft:jump":229,"minecraft:inspect_hopper":1,"minecraft:damage_dealt":70,"minecraft:time_since_death":5378,"minecraft:walk_on_water_one_cm":284,"minecraft:total_world_time":17869,"minecraft:interact_with_crafting_table":1,"minecraft:fall_one_cm":10824,"minecraft:fly_one_cm":66843},"minecraft:used":{"minecraft:writable_book":2,"minecraft:dirt":2,"minecraft:furnace":4,"minecraft:bread":5,"tombstone:gift":1,"minecraft:chest":2},"minecraft:picked_up":{"minecraft:dirt":3},"minecraft:killed_by":{"ancient_elements:aetherial_glaze":1},"minecraft:mined":{"minecraft:grass_block":2,"minecraft:yellow_carpet":1,"minecraft:dirt":1}},"DataVersion":3465}