{"stats":{"minecraft:picked_up":{"epicsamurai:cloth":2,"minecraft:birch_log":5,"minecraft:crafting_table":7,"minecraft:allium":25,"mokels_adventure:egg_shell_fragment":2,"minecraft:gunpowder":2,"minecraft:moss_carpet":4,"minecraft:dirt":144,"treasure2:pirate_chest":1,"minecraft:raw_copper":14,"minecraft:bone":3,"minecraft:wheat_seeds":2,"minecraft:spruce_planks":4,"mokels_adventure:gomohbones":5,"minecraft:stone_pickaxe":1,"minecraft:chest":2,"minecraft:oak_planks":1,"minecraft:raw_iron":2,"minecraft:stick":2,"minecraft:sandstone":8,"ancient_elements:mining_helmet_helmet":1,"minecraft:torch":7,"minecraft:porkchop":1,"ancient_elements:raw_tin":2,"minecraft:stripped_spruce_log":5,"minecraft:spruce_log":7,"minecraft:light_blue_bed":4,"mokels_adventure:mandibles":6,"minecraft:rotten_flesh":1,"minecraft:spruce_boat":3,"minecraft:decorated_pot":1,"minecraft:soul_lantern":2,"treasure2:sapphire":1,"minecraft:bread":1,"minecraft:rooted_dirt":12,"minecraft:cobblestone":28,"minecraft:ender_pearl":5},"minecraft:broken":{"aether:iron_gloves":1,"minecraft:stone_shovel":1},"minecraft:crafted":{"rpgsmw:fabric":1,"minecraft:stone_shovel":1,"minecraft:crafting_table":3,"minecraft:spruce_planks":48,"minecraft:iron_helmet":1,"minecraft:wooden_pickaxe":1,"minecraft:iron_sword":1,"minecraft:copper_ingot":6,"rpgsmw:bullet":16,"minecraft:bucket":1,"minecraft:birch_planks":20,"gamma_beasts:skinno_saddle":1,"gamma_beasts:leather_saddle":1,"minecraft:air":0,"rpgsmw:iron_rifle":1,"minecraft:iron_chestplate":1,"minecraft:shield":1,"minecraft:stick":12,"minecraft:iron_ingot":24,"minecraft:stone_pickaxe":1,"minecraft:chest":1,"minecraft:spruce_boat":1,"minecraft:torch":4},"minecraft:killed":{"treasure2:bound_soul":3,"mokels_adventure:hatchling":2,"mokels_adventure:mana_sentinel":2,"mokels_adventure:gohmo":5,"minecraft:creeper":1,"epicsamurai:tanuki":1,"ancient_elements:undead_miner":1,"epicsamurai:komainu":1,"mokels_adventure:hammerhead_ant":6},"minecraft:dropped":{"minecraft:bread":1,"minecraft:wheat_seeds":2,"minecraft:raw_copper":14,"minecraft:decorated_pot":1,"mokels_adventure:egg_shell_fragment":2,"minecraft:allium":25,"aether:iron_gloves":1,"minecraft:torch":3,"minecraft:stone_pickaxe":1},"minecraft:killed_by":{"ancient_elements:aetherial_glaze":1,"gamma_beasts:careyatros_a":2},"minecraft:used":{"minecraft:water_bucket":1,"minecraft:writable_book":2,"minecraft:birch_planks":5,"minecraft:stone_shovel":134,"minecraft:stone_pickaxe":22,"minecraft:wooden_pickaxe":21,"minecraft:chest":4,"minecraft:ender_pearl":1,"minecraft:spruce_planks":13,"minecraft:sandstone":8,"minecraft:iron_sword":117,"minecraft:torch":8,"minecraft:dirt":77,"minecraft:crafting_table":9,"simple_weapons:iron_katana":183,"minecraft:spruce_boat":3,"minecraft:bread":20,"minecraft:rooted_dirt":12,"minecraft:iron_helmet":1,"tombstone:grave_key":3,"minecraft:light_blue_bed":4,"minecraft:fishing_rod":8,"minecraft:cobblestone":2,"minecraft:furnace":4,"minecraft:bucket":2,"tombstone:gift":2,"minecraft:iron_leggings":1},"minecraft:mined":{"minecraft:acacia_leaves":7,"minecraft:spruce_planks":4,"minecraft:hanging_roots":1,"minecraft:crafting_table":7,"minecraft:torch":3,"minecraft:allium":1,"minecraft:grass_block":89,"minecraft:decorated_pot":1,"minecraft:yellow_carpet":1,"minecraft:chest":2,"minecraft:tall_grass":1,"minecraft:spruce_leaves":4,"minecraft:sandstone":9,"minecraft:rooted_dirt":13,"minecraft:wall_torch":3,"treasure2:gravestone3_spawner_obsidian":1,"treasure2:pirate_chest":1,"minecraft:light_blue_bed":4,"minecraft:birch_log":5,"minecraft:spruce_log":7,"minecraft:stripped_spruce_log":5,"minecraft:moss_carpet":4,"ancient_elements:tin_ore":2,"minecraft:grass":5,"biox:aquatic_lichen":4,"minecraft:dirt":58,"minecraft:stone":29},"minecraft:custom":{"minecraft:interact_with_furnace":38,"lootr:looted_stat":10,"minecraft:mob_kills":22,"minecraft:inspect_hopper":1,"minecraft:interact_with_crafting_table":29,"minecraft:open_barrel":20,"minecraft:damage_dealt_resisted":0,"minecraft:leave_game":2,"minecraft:time_since_death":16488,"minecraft:sleep_in_bed":1,"minecraft:damage_resisted":0,"minecraft:time_since_rest":9354,"minecraft:waystone_activated":1,"minecraft:sprint_one_cm":159351,"minecraft:open_enderchest":1,"minecraft:damage_taken":2851,"minecraft:walk_one_cm":300963,"minecraft:trigger_trapped_chest":3,"minecraft:drop":12,"minecraft:damage_dealt":6449,"minecraft:swim_one_cm":58149,"minecraft:fly_one_cm":245822,"minecraft:open_chest":31,"minecraft:crouch_one_cm":8607,"minecraft:play_time":55287,"tombstone:undead_killed":9,"minecraft:deaths":4,"minecraft:sneak_time":1878,"minecraft:walk_under_water_one_cm":23969,"minecraft:jump":1127,"minecraft:walk_on_water_one_cm":24090,"minecraft:total_world_time":55287,"minecraft:use_cauldron":1,"minecraft:fall_one_cm":43949}},"DataVersion":3465}