{"stats":{"minecraft:custom":{"minecraft:time_since_rest":16949,"minecraft:waystone_activated":1,"lootr:looted_stat":3,"minecraft:interact_with_furnace":8,"minecraft:sprint_one_cm":73491,"minecraft:open_enderchest":1,"minecraft:damage_taken":923,"minecraft:walk_one_cm":134660,"minecraft:trigger_trapped_chest":2,"minecraft:drop":1,"minecraft:inspect_hopper":1,"minecraft:damage_dealt":111,"minecraft:interact_with_crafting_table":2,"minecraft:fly_one_cm":72707,"minecraft:open_chest":18,"minecraft:crouch_one_cm":2151,"minecraft:play_time":29869,"minecraft:deaths":1,"minecraft:sneak_time":914,"minecraft:walk_under_water_one_cm":1272,"minecraft:jump":333,"minecraft:walk_on_water_one_cm":284,"minecraft:time_since_death":17378,"minecraft:total_world_time":29869,"minecraft:fall_one_cm":14826},"minecraft:used":{"minecraft:writable_book":2,"minecraft:bread":5,"minecraft:chest":2,"minecraft:wooden_pickaxe":21,"minecraft:dirt":11,"minecraft:crafting_table":1,"minecraft:furnace":4,"tombstone:gift":1,"minecraft:iron_leggings":1},"minecraft:dropped":{"aether:iron_gloves":1},"minecraft:crafted":{"minecraft:crafting_table":1,"minecraft:stick":4,"minecraft:wooden_pickaxe":1,"minecraft:birch_planks":20},"minecraft:picked_up":{"minecraft:birch_log":5,"minecraft:crafting_table":1,"minecraft:porkchop":1,"minecraft:dirt":11,"minecraft:oak_planks":1,"minecraft:cobblestone":21,"minecraft:ender_pearl":5},"minecraft:killed_by":{"ancient_elements:aetherial_glaze":1},"minecraft:mined":{"minecraft:birch_log":5,"minecraft:crafting_table":1,"minecraft:grass":1,"minecraft:allium":1,"minecraft:grass_block":6,"minecraft:yellow_carpet":1,"minecraft:dirt":5,"minecraft:stone":21}},"DataVersion":3465}