{"stats":{"minecraft:custom":{"minecraft:time_since_rest":1,"minecraft:waystone_activated":1,"minecraft:interact_with_furnace":8,"lootr:looted_stat":4,"minecraft:sprint_one_cm":122848,"minecraft:open_enderchest":1,"minecraft:damage_taken":2027,"minecraft:walk_one_cm":187369,"minecraft:trigger_trapped_chest":3,"minecraft:drop":5,"minecraft:inspect_hopper":1,"minecraft:damage_dealt":115,"minecraft:interact_with_crafting_table":6,"minecraft:swim_one_cm":24316,"minecraft:fly_one_cm":152170,"minecraft:open_chest":27,"minecraft:crouch_one_cm":4127,"minecraft:play_time":38848,"minecraft:deaths":4,"minecraft:sneak_time":1073,"minecraft:walk_under_water_one_cm":9977,"minecraft:jump":640,"minecraft:leave_game":1,"minecraft:time_since_death":49,"minecraft:walk_on_water_one_cm":7943,"minecraft:total_world_time":38848,"minecraft:fall_one_cm":27122},"minecraft:broken":{"minecraft:stone_shovel":1},"minecraft:used":{"minecraft:spruce_boat":2,"minecraft:writable_book":2,"minecraft:stone_shovel":134,"minecraft:birch_planks":3,"minecraft:bread":8,"minecraft:stone_pickaxe":7,"minecraft:ender_pearl":1,"minecraft:chest":3,"minecraft:wooden_pickaxe":21,"minecraft:light_blue_bed":1,"tombstone:grave_key":3,"minecraft:torch":2,"minecraft:dirt":77,"minecraft:crafting_table":5,"minecraft:furnace":4,"tombstone:gift":1,"minecraft:iron_leggings":1},"minecraft:dropped":{"minecraft:wheat_seeds":1,"minecraft:allium":24,"aether:iron_gloves":1,"minecraft:stone_pickaxe":1},"minecraft:crafted":{"minecraft:stone_shovel":1,"minecraft:crafting_table":3,"minecraft:spruce_planks":28,"minecraft:stick":8,"minecraft:wooden_pickaxe":1,"minecraft:iron_ingot":1,"minecraft:stone_pickaxe":1,"minecraft:chest":1,"minecraft:spruce_boat":1,"minecraft:birch_planks":20,"minecraft:torch":4},"minecraft:picked_up":{"minecraft:birch_log":5,"minecraft:crafting_table":3,"minecraft:allium":25,"minecraft:torch":2,"minecraft:porkchop":1,"ancient_elements:raw_tin":2,"minecraft:spruce_log":7,"minecraft:dirt":144,"minecraft:spruce_boat":1,"minecraft:wheat_seeds":1,"minecraft:stone_pickaxe":1,"minecraft:oak_planks":1,"minecraft:cobblestone":26,"minecraft:ender_pearl":5},"minecraft:killed_by":{"ancient_elements:aetherial_glaze":1,"gamma_beasts:careyatros_a":2},"minecraft:mined":{"minecraft:birch_log":5,"minecraft:spruce_log":7,"ancient_elements:tin_ore":2,"minecraft:crafting_table":3,"minecraft:torch":2,"minecraft:grass":4,"minecraft:allium":1,"minecraft:grass_block":89,"minecraft:yellow_carpet":1,"biox:aquatic_lichen":4,"minecraft:dirt":58,"minecraft:spruce_leaves":4,"minecraft:stone":26}},"DataVersion":3465}