{"stats":{"minecraft:custom":{"lootr:looted_stat":7,"minecraft:interact_with_furnace":8,"minecraft:mob_kills":20,"minecraft:inspect_hopper":1,"minecraft:interact_with_crafting_table":15,"minecraft:open_barrel":1,"minecraft:damage_dealt_resisted":0,"minecraft:leave_game":2,"minecraft:time_since_death":11428,"minecraft:sleep_in_bed":1,"minecraft:time_since_rest":4294,"minecraft:waystone_activated":1,"minecraft:sprint_one_cm":157823,"minecraft:open_enderchest":1,"minecraft:damage_taken":2795,"minecraft:walk_one_cm":279640,"minecraft:trigger_trapped_chest":3,"minecraft:drop":9,"minecraft:damage_dealt":6019,"minecraft:swim_one_cm":58149,"minecraft:fly_one_cm":243628,"minecraft:open_chest":31,"minecraft:crouch_one_cm":7754,"minecraft:play_time":50227,"tombstone:undead_killed":8,"minecraft:deaths":4,"minecraft:sneak_time":1792,"minecraft:walk_under_water_one_cm":22973,"minecraft:jump":1087,"minecraft:walk_on_water_one_cm":23759,"minecraft:total_world_time":50227,"minecraft:fall_one_cm":42218},"minecraft:broken":{"aether:iron_gloves":1,"minecraft:stone_shovel":1},"minecraft:used":{"minecraft:writable_book":2,"minecraft:birch_planks":5,"minecraft:stone_shovel":134,"minecraft:stone_pickaxe":22,"minecraft:spruce_planks":13,"minecraft:ender_pearl":1,"minecraft:chest":4,"minecraft:wooden_pickaxe":21,"minecraft:sandstone":8,"minecraft:iron_sword":99,"minecraft:torch":8,"minecraft:dirt":77,"minecraft:crafting_table":8,"simple_weapons:iron_katana":183,"minecraft:spruce_boat":3,"minecraft:rooted_dirt":12,"minecraft:bread":18,"minecraft:light_blue_bed":4,"tombstone:grave_key":3,"minecraft:fishing_rod":8,"minecraft:furnace":4,"tombstone:gift":2,"minecraft:iron_leggings":1},"minecraft:dropped":{"minecraft:bread":1,"minecraft:wheat_seeds":2,"minecraft:decorated_pot":1,"minecraft:allium":25,"aether:iron_gloves":1,"minecraft:stone_pickaxe":1},"minecraft:crafted":{"minecraft:stone_shovel":1,"minecraft:crafting_table":3,"minecraft:spruce_planks":28,"minecraft:wooden_pickaxe":1,"minecraft:iron_sword":1,"minecraft:birch_planks":20,"gamma_beasts:skinno_saddle":1,"gamma_beasts:leather_saddle":1,"minecraft:stick":12,"minecraft:iron_ingot":1,"minecraft:stone_pickaxe":1,"minecraft:chest":1,"minecraft:spruce_boat":1,"minecraft:torch":4},"minecraft:killed":{"treasure2:bound_soul":3,"mokels_adventure:hatchling":2,"mokels_adventure:mana_sentinel":2,"mokels_adventure:gohmo":5,"epicsamurai:tanuki":1,"epicsamurai:komainu":1,"mokels_adventure:hammerhead_ant":6},"minecraft:picked_up":{"epicsamurai:cloth":2,"minecraft:birch_log":5,"minecraft:crafting_table":7,"minecraft:allium":25,"mokels_adventure:egg_shell_fragment":2,"minecraft:moss_carpet":4,"minecraft:dirt":144,"treasure2:pirate_chest":1,"minecraft:wheat_seeds":2,"minecraft:spruce_planks":4,"mokels_adventure:gomohbones":5,"minecraft:stone_pickaxe":1,"minecraft:chest":2,"minecraft:oak_planks":1,"minecraft:stick":2,"minecraft:sandstone":8,"minecraft:torch":5,"minecraft:porkchop":1,"ancient_elements:raw_tin":2,"minecraft:spruce_log":7,"minecraft:light_blue_bed":4,"mokels_adventure:mandibles":6,"minecraft:rotten_flesh":1,"minecraft:decorated_pot":1,"minecraft:spruce_boat":3,"minecraft:soul_lantern":2,"treasure2:sapphire":1,"minecraft:bread":1,"minecraft:rooted_dirt":12,"minecraft:cobblestone":28,"minecraft:ender_pearl":5},"minecraft:killed_by":{"ancient_elements:aetherial_glaze":1,"gamma_beasts:careyatros_a":2},"minecraft:mined":{"minecraft:acacia_leaves":7,"minecraft:spruce_planks":4,"minecraft:hanging_roots":1,"minecraft:crafting_table":7,"minecraft:torch":3,"minecraft:allium":1,"minecraft:grass_block":89,"minecraft:decorated_pot":1,"minecraft:yellow_carpet":1,"minecraft:chest":2,"minecraft:tall_grass":1,"minecraft:spruce_leaves":4,"minecraft:sandstone":9,"minecraft:rooted_dirt":13,"minecraft:wall_torch":3,"treasure2:gravestone3_spawner_obsidian":1,"treasure2:pirate_chest":1,"minecraft:light_blue_bed":4,"minecraft:birch_log":5,"minecraft:spruce_log":7,"minecraft:moss_carpet":4,"ancient_elements:tin_ore":2,"minecraft:grass":5,"biox:aquatic_lichen":4,"minecraft:dirt":58,"minecraft:stone":29}},"DataVersion":3465}