{"stats":{"minecraft:custom":{"minecraft:time_since_rest":34895,"minecraft:interact_with_smithing_table":1,"minecraft:waystone_activated":1,"minecraft:sprint_one_cm":232919,"lootr:looted_stat":3,"minecraft:damage_taken":360,"minecraft:walk_one_cm":79230,"minecraft:trigger_trapped_chest":4,"minecraft:mob_kills":1,"minecraft:interact_with_anvil":1,"minecraft:damage_dealt":150,"minecraft:interact_with_crafting_table":3,"minecraft:swim_one_cm":1919,"minecraft:fly_one_cm":280651,"minecraft:open_chest":11,"minecraft:crouch_one_cm":6725,"minecraft:play_time":34895,"minecraft:sneak_time":1752,"minecraft:walk_under_water_one_cm":439,"minecraft:damage_dealt_resisted":0,"minecraft:jump":924,"minecraft:leave_game":1,"minecraft:walk_on_water_one_cm":500,"minecraft:time_since_death":34895,"minecraft:total_world_time":34895,"minecraft:fall_one_cm":35773},"minecraft:used":{"minecraft:wooden_axe":23,"minecraft:writable_book":4,"minecraft:birch_planks":2,"minecraft:bread":2,"minecraft:wooden_pickaxe":12,"blue_skies:lunar_chest":1,"minecraft:cobblestone":4,"minecraft:crafting_table":4,"minecraft:coarse_dirt":1},"minecraft:killed":{"minecraft:pig":1},"minecraft:crafted":{"minecraft:oak_planks":24,"minecraft:crafting_table":1,"minecraft:stick":4,"minecraft:iron_ingot":2,"minecraft:wooden_pickaxe":1,"minecraft:wooden_axe":1,"minecraft:birch_planks":12},"minecraft:picked_up":{"minecraft:enchanting_table":1,"minecraft:birch_log":9,"minecraft:crafting_table":4,"minecraft:coarse_dirt":1,"minecraft:porkchop":3,"minecraft:oak_log":6,"minecraft:lantern":2,"blue_skies:lunar_chest":3,"minecraft:painting":1,"minecraft:sugar_cane":9,"minecraft:chest":1,"minecraft:cobblestone":4,"minecraft:furnace":1},"minecraft:mined":{"minecraft:coarse_dirt":1,"minecraft:furnace":1,"blue_skies:lunar_chest":3,"minecraft:birch_log":9,"minecraft:birch_leaves":1,"minecraft:crafting_table":4,"minecraft:enchanting_table":1,"minecraft:grass":1,"minecraft:oak_log":6,"minecraft:chest":1,"minecraft:lantern":2,"minecraft:spruce_leaves":1,"minecraft:stone":7,"minecraft:sugar_cane":4}},"DataVersion":3465}