{"stats":{"minecraft:custom":{"minecraft:jump":51,"minecraft:open_chest":1,"minecraft:time_since_rest":4895,"minecraft:walk_on_water_one_cm":189,"minecraft:waystone_activated":1,"minecraft:damage_dealt":30,"minecraft:crouch_one_cm":968,"minecraft:sprint_one_cm":19492,"minecraft:leave_game":1,"minecraft:play_time":4895,"minecraft:damage_taken":60,"minecraft:time_since_death":4895,"minecraft:walk_one_cm":11351,"minecraft:sneak_time":475,"minecraft:total_world_time":4895,"minecraft:walk_under_water_one_cm":439,"minecraft:swim_one_cm":1919,"minecraft:fall_one_cm":1322,"minecraft:fly_one_cm":15576}},"DataVersion":3465}