{"stats":{"minecraft:custom":{"minecraft:interact_with_smithing_table":1,"minecraft:time_since_rest":42778,"minecraft:waystone_activated":1,"lootr:looted_stat":3,"minecraft:sprint_one_cm":322475,"minecraft:damage_taken":660,"minecraft:walk_one_cm":115722,"minecraft:trigger_trapped_chest":5,"minecraft:interact_with_anvil":1,"minecraft:mob_kills":17,"minecraft:drop":2,"minecraft:damage_dealt":1927,"minecraft:talked_to_villager":1,"minecraft:interact_with_crafting_table":11,"minecraft:swim_one_cm":5920,"minecraft:fly_one_cm":489040,"minecraft:open_chest":11,"minecraft:crouch_one_cm":7981,"minecraft:play_time":42778,"minecraft:sneak_time":1909,"minecraft:walk_under_water_one_cm":530,"minecraft:jump":1634,"minecraft:damage_dealt_resisted":0,"minecraft:interact_with_blast_furnace":1,"minecraft:leave_game":2,"minecraft:time_since_death":42778,"minecraft:walk_on_water_one_cm":1164,"minecraft:total_world_time":42778,"minecraft:fall_one_cm":61607},"minecraft:used":{"minecraft:wooden_axe":23,"minecraft:writable_book":4,"minecraft:birch_planks":2,"minecraft:stone_pickaxe":4,"minecraft:bread":11,"minecraft:oak_planks":4,"minecraft:wooden_pickaxe":24,"blue_skies:lunar_chest":1,"minecraft:cobblestone":9,"minecraft:crafting_table":5,"simple_weapons:iron_katana":53,"minecraft:coarse_dirt":1},"minecraft:dropped":{"minecraft:wooden_axe":1,"minecraft:wooden_pickaxe":1},"minecraft:killed":{"mokels_adventure:mana_curator":1,"minecraft:pig":11,"minecraft:rabbit":2,"mokels_adventure:knight":1},"minecraft:crafted":{"minecraft:oak_planks":24,"minecraft:crafting_table":1,"minecraft:spruce_planks":120,"minecraft:stick":8,"minecraft:stone_pickaxe":1,"minecraft:wooden_pickaxe":1,"minecraft:iron_ingot":2,"minecraft:wooden_axe":1,"minecraft:stone_axe":1,"minecraft:birch_planks":12},"minecraft:picked_up":{"minecraft:birch_log":9,"minecraft:enchanting_table":1,"minecraft:coarse_dirt":1,"minecraft:crafting_table":4,"minecraft:smooth_basalt":1,"minecraft:sweet_berries":42,"minecraft:porkchop":18,"minecraft:oak_log":6,"minecraft:amethyst_block":2,"minecraft:lantern":2,"blue_skies:lunar_chest":3,"minecraft:soul_lantern":1,"minecraft:rabbit_hide":2,"minecraft:painting":1,"minecraft:calcite":1,"minecraft:rabbit":2,"minecraft:sugar_cane":11,"minecraft:chest":1,"minecraft:cobblestone":15,"minecraft:furnace":1},"minecraft:mined":{"minecraft:coarse_dirt":1,"minecraft:furnace":1,"blue_skies:lunar_chest":3,"minecraft:birch_log":9,"minecraft:sweet_berry_bush":21,"minecraft:birch_leaves":1,"minecraft:crafting_table":4,"minecraft:enchanting_table":1,"minecraft:grass":1,"minecraft:calcite":1,"minecraft:oak_log":6,"minecraft:chest":1,"minecraft:lantern":2,"minecraft:smooth_basalt":1,"minecraft:spruce_leaves":2,"minecraft:stone":19,"minecraft:sugar_cane":4,"minecraft:amethyst_block":2}},"DataVersion":3465}