{"stats":{"minecraft:custom":{"minecraft:time_since_rest":16895,"minecraft:open_chest":3,"minecraft:waystone_activated":1,"minecraft:crouch_one_cm":2213,"minecraft:play_time":16895,"minecraft:sprint_one_cm":107534,"minecraft:damage_taken":120,"minecraft:walk_one_cm":42114,"minecraft:sneak_time":816,"minecraft:trigger_trapped_chest":4,"minecraft:walk_under_water_one_cm":439,"minecraft:jump":236,"minecraft:damage_dealt":30,"minecraft:leave_game":1,"minecraft:time_since_death":16895,"minecraft:walk_on_water_one_cm":189,"minecraft:total_world_time":16895,"minecraft:swim_one_cm":1919,"minecraft:interact_with_crafting_table":1,"minecraft:fall_one_cm":10043,"minecraft:fly_one_cm":61430},"minecraft:used":{"minecraft:writable_book":4,"minecraft:crafting_table":1,"minecraft:bread":2},"minecraft:crafted":{"minecraft:birch_planks":12,"minecraft:crafting_table":1,"minecraft:stick":4,"minecraft:wooden_axe":1},"minecraft:picked_up":{"minecraft:birch_log":3},"minecraft:mined":{"minecraft:birch_log":3,"minecraft:birch_leaves":1}},"DataVersion":3465}