{"stats":{"minecraft:custom":{"minecraft:interact_with_smithing_table":1,"lootr:looted_stat":3,"minecraft:mob_kills":22,"minecraft:interact_with_anvil":1,"minecraft:inspect_hopper":1,"minecraft:interact_with_crafting_table":12,"minecraft:damage_dealt_resisted":28,"minecraft:leave_game":2,"minecraft:time_since_death":48157,"minecraft:time_since_rest":48157,"minecraft:waystone_activated":1,"minecraft:sprint_one_cm":375049,"minecraft:damage_taken":880,"minecraft:walk_one_cm":141961,"minecraft:trigger_trapped_chest":5,"minecraft:drop":13,"minecraft:damage_dealt":3272,"minecraft:swim_one_cm":7247,"minecraft:talked_to_villager":1,"minecraft:fly_one_cm":541801,"minecraft:open_chest":17,"minecraft:crouch_one_cm":8237,"minecraft:play_time":48157,"tombstone:undead_killed":4,"minecraft:sneak_time":1922,"minecraft:walk_under_water_one_cm":4454,"minecraft:jump":1896,"minecraft:interact_with_blast_furnace":1,"minecraft:walk_on_water_one_cm":2639,"minecraft:total_world_time":48157,"minecraft:fall_one_cm":70480},"minecraft:used":{"minecraft:water_bucket":24,"minecraft:writable_book":4,"minecraft:enchanting_table":1,"minecraft:birch_planks":2,"minecraft:stone_pickaxe":89,"minecraft:oak_planks":12,"minecraft:wooden_pickaxe":24,"minecraft:crafting_table":6,"simple_weapons:iron_katana":133,"minecraft:wooden_axe":23,"minecraft:bread":17,"minecraft:stone_axe":3,"blue_skies:lunar_chest":3,"minecraft:cobblestone":21,"minecraft:furnace":5,"minecraft:bucket":25,"minecraft:coarse_dirt":1},"minecraft:dropped":{"minecraft:iron_nugget":1,"minecraft:rotten_flesh":6,"minecraft:oak_planks":10,"minecraft:amethyst_block":2,"royalvariations:spiritual_crown_shard":1,"minecraft:rabbit_hide":2,"minecraft:wooden_axe":1,"minecraft:wooden_pickaxe":1,"minecraft:calcite":2,"minecraft:smooth_basalt":2},"minecraft:killed":{"mokels_adventure:mana_curator":1,"minecraft:pig":11,"minecraft:rabbit":2,"royalvariations:royal_skeleton":1,"minecraft:creeper":1,"mokels_adventure:knight":1,"minecraft:skeleton":1,"royalvariations:royal_zombie":1,"minecraft:zombie":1},"minecraft:crafted":{"minecraft:oak_planks":24,"minecraft:crafting_table":2,"minecraft:spruce_planks":120,"minecraft:wooden_pickaxe":1,"minecraft:bucket":1,"minecraft:birch_planks":12,"minecraft:stone_axe":1,"minecraft:stick":8,"minecraft:iron_ingot":2,"minecraft:stone_pickaxe":1,"minecraft:wooden_axe":1},"minecraft:picked_up":{"minecraft:enchanting_table":1,"minecraft:birch_log":9,"minecraft:crafting_table":5,"minecraft:coarse_dirt":1,"royalvariations:spiritual_crown_shard":3,"minecraft:oak_log":6,"minecraft:gunpowder":2,"minecraft:amethyst_block":2,"minecraft:lantern":2,"blue_skies:lunar_chest":3,"minecraft:bone":7,"minecraft:rabbit_hide":4,"minecraft:iron_ingot":2,"minecraft:calcite":2,"minecraft:iron_nugget":1,"minecraft:rabbit":2,"minecraft:sugar_cane":11,"minecraft:chest":1,"minecraft:oak_planks":7,"minecraft:furnace":1,"minecraft:smooth_basalt":2,"minecraft:sweet_berries":42,"minecraft:porkchop":21,"ancient_elements:raw_tin":20,"minecraft:carrot":3,"minecraft:light_blue_bed":1,"minecraft:arrow":7,"minecraft:rotten_flesh":6,"minecraft:soul_lantern":1,"minecraft:painting":1,"minecraft:cobblestone":77},"minecraft:mined":{"minecraft:crafting_table":5,"minecraft:calcite":1,"minecraft:chest":1,"minecraft:spruce_leaves":2,"minecraft:oak_planks":2,"minecraft:sugar_cane":4,"minecraft:amethyst_block":2,"minecraft:coarse_dirt":1,"minecraft:light_blue_bed":1,"minecraft:furnace":1,"blue_skies:lunar_chest":3,"minecraft:birch_log":9,"minecraft:sweet_berry_bush":21,"minecraft:birch_leaves":1,"ancient_elements:tin_ore":21,"minecraft:enchanting_table":1,"minecraft:grass":1,"minecraft:oak_log":6,"minecraft:lantern":2,"minecraft:smooth_basalt":1,"minecraft:stone":83}},"DataVersion":3465}