{"stats":{"minecraft:custom":{"minecraft:time_since_rest":35660,"minecraft:interact_with_smithing_table":1,"minecraft:waystone_activated":1,"minecraft:sprint_one_cm":246710,"lootr:looted_stat":3,"minecraft:damage_taken":380,"minecraft:walk_one_cm":82914,"minecraft:trigger_trapped_chest":4,"minecraft:mob_kills":1,"minecraft:interact_with_anvil":1,"minecraft:damage_dealt":150,"minecraft:interact_with_crafting_table":3,"minecraft:swim_one_cm":1919,"minecraft:fly_one_cm":296696,"minecraft:open_chest":11,"minecraft:crouch_one_cm":6725,"minecraft:play_time":35660,"minecraft:sneak_time":1752,"minecraft:walk_under_water_one_cm":439,"minecraft:damage_dealt_resisted":0,"minecraft:jump":1018,"minecraft:leave_game":2,"minecraft:walk_on_water_one_cm":500,"minecraft:time_since_death":35660,"minecraft:total_world_time":35660,"minecraft:fall_one_cm":38730},"minecraft:used":{"minecraft:wooden_axe":23,"minecraft:writable_book":4,"minecraft:birch_planks":2,"minecraft:bread":3,"minecraft:oak_planks":4,"minecraft:wooden_pickaxe":16,"blue_skies:lunar_chest":1,"minecraft:cobblestone":4,"minecraft:crafting_table":4,"minecraft:coarse_dirt":1},"minecraft:killed":{"minecraft:pig":1},"minecraft:crafted":{"minecraft:oak_planks":24,"minecraft:crafting_table":1,"minecraft:spruce_planks":120,"minecraft:stick":4,"minecraft:iron_ingot":2,"minecraft:wooden_pickaxe":1,"minecraft:wooden_axe":1,"minecraft:birch_planks":12},"minecraft:picked_up":{"minecraft:enchanting_table":1,"minecraft:birch_log":9,"minecraft:smooth_basalt":1,"minecraft:crafting_table":4,"minecraft:coarse_dirt":1,"minecraft:porkchop":3,"minecraft:oak_log":6,"minecraft:amethyst_block":2,"minecraft:lantern":2,"blue_skies:lunar_chest":3,"minecraft:painting":1,"minecraft:calcite":1,"minecraft:sugar_cane":9,"minecraft:chest":1,"minecraft:cobblestone":4,"minecraft:furnace":1},"minecraft:mined":{"minecraft:coarse_dirt":1,"minecraft:furnace":1,"blue_skies:lunar_chest":3,"minecraft:birch_log":9,"minecraft:birch_leaves":1,"minecraft:crafting_table":4,"minecraft:enchanting_table":1,"minecraft:grass":1,"minecraft:calcite":1,"minecraft:oak_log":6,"minecraft:chest":1,"minecraft:lantern":2,"minecraft:smooth_basalt":1,"minecraft:spruce_leaves":2,"minecraft:stone":7,"minecraft:sugar_cane":4,"minecraft:amethyst_block":2}},"DataVersion":3465}