{"stats":{"minecraft:custom":{"minecraft:time_since_rest":28895,"minecraft:interact_with_smithing_table":1,"minecraft:waystone_activated":1,"minecraft:sprint_one_cm":164798,"lootr:looted_stat":3,"minecraft:damage_taken":260,"minecraft:walk_one_cm":61921,"minecraft:trigger_trapped_chest":4,"minecraft:interact_with_anvil":1,"minecraft:damage_dealt":50,"minecraft:interact_with_crafting_table":2,"minecraft:swim_one_cm":1919,"minecraft:fly_one_cm":95674,"minecraft:open_chest":11,"minecraft:crouch_one_cm":3175,"minecraft:play_time":28895,"minecraft:sneak_time":1377,"minecraft:walk_under_water_one_cm":439,"minecraft:jump":456,"minecraft:leave_game":1,"minecraft:walk_on_water_one_cm":500,"minecraft:time_since_death":28895,"minecraft:total_world_time":28895,"minecraft:fall_one_cm":16147},"minecraft:used":{"minecraft:wooden_axe":18,"minecraft:writable_book":4,"minecraft:bread":2,"minecraft:wooden_pickaxe":11,"minecraft:crafting_table":2,"minecraft:coarse_dirt":1},"minecraft:crafted":{"minecraft:oak_planks":24,"minecraft:crafting_table":1,"minecraft:stick":4,"minecraft:wooden_pickaxe":1,"minecraft:wooden_axe":1,"minecraft:birch_planks":12},"minecraft:picked_up":{"minecraft:birch_log":9,"minecraft:crafting_table":2,"minecraft:coarse_dirt":1,"minecraft:oak_log":6,"minecraft:lantern":2,"blue_skies:lunar_chest":2,"minecraft:painting":1,"minecraft:chest":1,"minecraft:cobblestone":4,"minecraft:furnace":1},"minecraft:mined":{"minecraft:coarse_dirt":1,"minecraft:furnace":1,"blue_skies:lunar_chest":2,"minecraft:birch_log":9,"minecraft:birch_leaves":1,"minecraft:crafting_table":2,"minecraft:oak_log":6,"minecraft:chest":1,"minecraft:lantern":2,"minecraft:spruce_leaves":1,"minecraft:stone":7}},"DataVersion":3465}