{"stats":{"minecraft:custom":{"minecraft:interact_with_smithing_table":1,"lootr:looted_stat":7,"minecraft:interact_with_furnace":5,"minecraft:mob_kills":7,"minecraft:interact_with_anvil":1,"minecraft:inspect_hopper":1,"minecraft:interact_with_crafting_table":2,"minecraft:open_barrel":2,"minecraft:damage_dealt_resisted":0,"minecraft:leave_game":1,"minecraft:time_since_death":35729,"minecraft:climb_one_cm":1000,"minecraft:time_since_rest":35729,"minecraft:waystone_activated":1,"minecraft:sprint_one_cm":169609,"minecraft:damage_taken":816,"minecraft:walk_one_cm":174588,"minecraft:trigger_trapped_chest":4,"minecraft:drop":1,"minecraft:damage_dealt":1891,"minecraft:fly_one_cm":198483,"minecraft:open_chest":16,"minecraft:crouch_one_cm":3986,"minecraft:play_time":35729,"minecraft:sneak_time":674,"minecraft:walk_under_water_one_cm":637,"minecraft:jump":837,"minecraft:walk_on_water_one_cm":1470,"minecraft:total_world_time":35729,"minecraft:fall_one_cm":23865},"minecraft:used":{"minecraft:writable_book":3,"minecraft:stone_pickaxe":39,"minecraft:chest":1,"minecraft:wooden_pickaxe":21,"minecraft:iron_sword":58,"minecraft:dirt":4,"minecraft:crafting_table":1,"minecraft:iron_axe":2,"minecraft:bread":7,"minecraft:rooted_dirt":6,"minecraft:iron_helmet":1,"minecraft:light_blue_bed":1,"minecraft:red_carpet":1,"minecraft:cobblestone":1,"minecraft:coarse_dirt":2},"minecraft:dropped":{"minecraft:iron_sword":1},"minecraft:crafted":{"minecraft:crafting_table":1,"minecraft:spruce_planks":12,"minecraft:wooden_pickaxe":1,"minecraft:stick":4,"minecraft:stone_pickaxe":1},"minecraft:killed":{"minecraft:pig":1,"mokels_adventure:hammerhead_ant":6},"minecraft:picked_up":{"minecraft:crafting_table":2,"minecraft:coarse_dirt":2,"minecraft:brown_mushroom":1,"minecraft:wither_rose":1,"minecraft:dirt":4,"minecraft:red_carpet":1,"minecraft:spruce_planks":3,"minecraft:iron_ingot":31,"minecraft:chest":2,"minecraft:iron_sword":1,"ancient_elements:aero_charge":6,"minecraft:furnace":4,"minecraft:sweet_berries":10,"minecraft:porkchop":6,"minecraft:spruce_sapling":1,"minecraft:spruce_log":3,"gamma_beasts:blackberry":3,"minecraft:light_blue_bed":1,"minecraft:iron_horse_armor":1,"mokels_adventure:mandibles":6,"minecraft:bread":58,"minecraft:saddle":1,"minecraft:gold_ingot":3,"minecraft:emerald":3,"minecraft:rooted_dirt":28,"minecraft:coal":192,"minecraft:cobblestone":66},"minecraft:mined":{"gamma_beasts:abeto_hoja":2,"minecraft:red_carpet":1,"minecraft:brown_mushroom":1,"minecraft:crafting_table":1,"minecraft:grass_block":1,"minecraft:chest":1,"minecraft:tall_grass":1,"minecraft:spruce_leaves":3,"minecraft:oak_planks":1,"minecraft:rooted_dirt":26,"minecraft:coarse_dirt":2,"minecraft:light_blue_bed":1,"minecraft:spruce_log":3,"minecraft:cherry_leaves":1,"minecraft:dirt":5,"minecraft:stone":57,"minecraft:oak_leaves":4}},"DataVersion":3465}