{"stats":{"minecraft:custom":{"minecraft:jump":83,"minecraft:open_chest":2,"minecraft:time_since_rest":4962,"minecraft:waystone_activated":1,"minecraft:damage_dealt":32,"minecraft:crouch_one_cm":584,"minecraft:walk_on_water_one_cm":1326,"minecraft:sprint_one_cm":24867,"minecraft:play_time":4962,"minecraft:damage_taken":30,"minecraft:time_since_death":4962,"minecraft:walk_one_cm":18970,"minecraft:sneak_time":85,"minecraft:total_world_time":4962,"minecraft:walk_under_water_one_cm":637,"minecraft:fall_one_cm":2570,"minecraft:fly_one_cm":22847},"minecraft:used":{"minecraft:bread":2}},"DataVersion":3465}