{"stats":{"minecraft:custom":{"minecraft:time_since_rest":28962,"minecraft:interact_with_smithing_table":1,"minecraft:waystone_activated":1,"minecraft:interact_with_furnace":5,"lootr:looted_stat":3,"minecraft:sprint_one_cm":120694,"minecraft:damage_taken":506,"minecraft:walk_one_cm":114615,"minecraft:trigger_trapped_chest":4,"minecraft:interact_with_anvil":1,"minecraft:mob_kills":1,"minecraft:inspect_hopper":1,"minecraft:damage_dealt":133,"minecraft:interact_with_crafting_table":2,"minecraft:fly_one_cm":123016,"minecraft:open_chest":11,"minecraft:crouch_one_cm":1369,"minecraft:play_time":28962,"minecraft:sneak_time":284,"minecraft:walk_under_water_one_cm":637,"minecraft:jump":562,"minecraft:walk_on_water_one_cm":1470,"minecraft:time_since_death":28962,"minecraft:total_world_time":28962,"minecraft:fall_one_cm":16792},"minecraft:used":{"minecraft:writable_book":3,"minecraft:stone_pickaxe":39,"minecraft:bread":4,"minecraft:iron_helmet":1,"minecraft:wooden_pickaxe":21,"minecraft:crafting_table":1},"minecraft:crafted":{"minecraft:crafting_table":1,"minecraft:spruce_planks":12,"minecraft:stick":4,"minecraft:wooden_pickaxe":1,"minecraft:stone_pickaxe":1},"minecraft:killed":{"minecraft:pig":1},"minecraft:picked_up":{"minecraft:crafting_table":1,"minecraft:porkchop":3,"minecraft:spruce_log":3,"minecraft:dirt":4,"ancient_elements:aero_charge":3,"minecraft:cobblestone":35},"minecraft:mined":{"minecraft:spruce_log":3,"minecraft:crafting_table":1,"minecraft:grass_block":1,"minecraft:cherry_leaves":1,"minecraft:dirt":5,"minecraft:spruce_leaves":3,"minecraft:stone":57,"minecraft:oak_planks":1}},"DataVersion":3465}