{"stats":{"minecraft:custom":{"minecraft:interact_with_smithing_table":1,"lootr:looted_stat":13,"minecraft:interact_with_furnace":36,"minecraft:mob_kills":8,"minecraft:interact_with_anvil":1,"minecraft:inspect_hopper":1,"minecraft:interact_with_crafting_table":7,"minecraft:open_barrel":2,"minecraft:damage_dealt_resisted":0,"minecraft:leave_game":1,"minecraft:time_since_death":43448,"minecraft:climb_one_cm":1000,"minecraft:time_since_rest":43448,"minecraft:waystone_activated":1,"minecraft:sprint_one_cm":187868,"minecraft:damage_taken":836,"minecraft:walk_one_cm":244466,"minecraft:trigger_trapped_chest":4,"minecraft:drop":4,"minecraft:damage_dealt":2093,"minecraft:swim_one_cm":1708,"minecraft:fly_one_cm":205011,"minecraft:open_chest":30,"minecraft:crouch_one_cm":16647,"minecraft:play_time":43448,"tombstone:undead_killed":1,"minecraft:sneak_time":1847,"minecraft:walk_under_water_one_cm":1292,"minecraft:jump":930,"minecraft:walk_on_water_one_cm":1638,"minecraft:total_world_time":43448,"minecraft:fall_one_cm":25318},"minecraft:used":{"minecraft:writable_book":3,"minecraft:stone_pickaxe":107,"minecraft:chest":3,"minecraft:wooden_pickaxe":45,"minecraft:iron_sword":62,"minecraft:torch":8,"minecraft:glow_berries":1,"minecraft:dirt":4,"minecraft:crafting_table":3,"minecraft:dripstone_block":2,"minecraft:diamond_pickaxe":3,"minecraft:iron_axe":3,"minecraft:rooted_dirt":6,"minecraft:bread":10,"minecraft:iron_pickaxe":30,"minecraft:iron_helmet":1,"minecraft:diamond_ore":2,"minecraft:light_blue_bed":3,"minecraft:soul_lantern":1,"minecraft:red_carpet":1,"minecraft:cobblestone":91,"minecraft:furnace":5,"minecraft:coarse_dirt":2,"minecraft:cobbled_deepslate":1,"minecraft:iron_leggings":1},"minecraft:dropped":{"minecraft:iron_sword":1,"minecraft:polished_basalt":1,"minecraft:wooden_pickaxe":2},"minecraft:killed":{"minecraft:pig":1,"minecraft:zombie":1,"mokels_adventure:hammerhead_ant":6},"minecraft:crafted":{"epicsamurai:silver_ingot":3,"minecraft:cooked_porkchop":3,"minecraft:crafting_table":1,"minecraft:spruce_planks":12,"minecraft:wooden_pickaxe":1,"ancient_elements:tin_ingot":5,"minecraft:air":0,"ancient_elements:lead_ingot":4,"minecraft:stick":8,"minecraft:iron_pickaxe":1,"minecraft:stone_pickaxe":1,"minecraft:iron_leggings":1},"minecraft:picked_up":{"minecraft:coarse_dirt":2,"minecraft:crafting_table":3,"minecraft:brown_mushroom":1,"minecraft:wooden_pickaxe":1,"gamma_beasts:prehnite":2,"minecraft:wither_rose":1,"ancient_elements:raw_lead":4,"minecraft:dirt":4,"minecraft:red_carpet":1,"dungeonnowloading:spawner_fragment":5,"minecraft:cobbled_deepslate":1,"minecraft:spruce_planks":3,"minecraft:iron_ingot":31,"epicsamurai:raw_silver":3,"minecraft:chest":2,"minecraft:iron_sword":1,"ancient_elements:aero_charge":6,"minecraft:furnace":5,"minecraft:sweet_berries":10,"minecraft:torch":8,"minecraft:dripstone_block":2,"minecraft:porkchop":6,"ancient_elements:raw_tin":5,"minecraft:spruce_sapling":1,"minecraft:spruce_log":3,"gamma_beasts:blackberry":3,"minecraft:light_blue_bed":2,"minecraft:iron_horse_armor":1,"mokels_adventure:mandibles":6,"minecraft:diamond":2,"minecraft:soul_lantern":1,"minecraft:polished_basalt":1,"minecraft:gold_ingot":3,"minecraft:saddle":1,"minecraft:bread":58,"minecraft:emerald":3,"minecraft:rooted_dirt":28,"minecraft:coal":192,"minecraft:cobblestone":146},"minecraft:mined":{"minecraft:diamond_ore":2,"gamma_beasts:abeto_hoja":2,"minecraft:red_carpet":1,"minecraft:brown_mushroom":1,"ancient_elements:lead_ore":4,"minecraft:sculk_vein":1,"minecraft:soul_fire":4,"minecraft:soul_lantern":1,"minecraft:crafting_table":2,"minecraft:torch":4,"epicsamurai:silver_ore":3,"minecraft:grass_block":1,"minecraft:chest":1,"minecraft:sculk_sensor":3,"minecraft:tall_grass":1,"minecraft:spruce_leaves":3,"minecraft:oak_planks":1,"minecraft:sculk":1,"minecraft:rooted_dirt":26,"minecraft:wall_torch":3,"minecraft:spawner":1,"minecraft:coarse_dirt":2,"minecraft:light_blue_bed":2,"minecraft:furnace":1,"minecraft:polished_basalt":1,"minecraft:blue_ice":2,"gamma_beasts:prehnite_ore":2,"minecraft:spruce_log":3,"ancient_elements:tin_ore":5,"minecraft:coal_ore":1,"minecraft:cherry_leaves":1,"minecraft:dripstone_block":3,"minecraft:dirt":5,"minecraft:stone":145,"minecraft:oak_leaves":4,"minecraft:deepslate":1}},"DataVersion":3465}