{"stats":{"minecraft:custom":{"minecraft:time_since_rest":16962,"minecraft:open_chest":6,"minecraft:waystone_activated":1,"minecraft:crouch_one_cm":1261,"minecraft:play_time":16962,"minecraft:interact_with_furnace":5,"minecraft:sprint_one_cm":101194,"minecraft:damage_taken":236,"minecraft:walk_one_cm":57700,"minecraft:sneak_time":258,"minecraft:trigger_trapped_chest":4,"minecraft:walk_under_water_one_cm":637,"minecraft:jump":379,"minecraft:inspect_hopper":1,"minecraft:damage_dealt":32,"minecraft:time_since_death":16962,"minecraft:walk_on_water_one_cm":1470,"minecraft:total_world_time":16962,"minecraft:interact_with_crafting_table":1,"minecraft:fall_one_cm":11274,"minecraft:fly_one_cm":106712},"minecraft:used":{"minecraft:writable_book":3,"minecraft:bread":4},"minecraft:picked_up":{"minecraft:spruce_log":3,"ancient_elements:aero_charge":3},"minecraft:mined":{"minecraft:cherry_leaves":1,"minecraft:spruce_log":3,"minecraft:spruce_leaves":3}},"DataVersion":3465}