{"stats":{"minecraft:picked_up":{"mokels_rpg_two:tinydragon_feather":2,"minecraft:coarse_dirt":2,"minecraft:crafting_table":5,"mokels_rpg_two:rollerfeather":2,"minecraft:brown_mushroom":2,"minecraft:wooden_pickaxe":1,"royalvariations:royal_gunpowder":1,"minecraft:wither_rose":1,"minecraft:string":4,"dungeonnowloading:spawner_fragment":5,"mokels_rpg_two:tiny_dragon_fang":1,"minecraft:cobbled_deepslate":1,"minecraft:spruce_planks":3,"minecraft:chest":4,"minecraft:furnace":9,"minecraft:raw_iron":22,"minecraft:torch":9,"minecraft:porkchop":6,"ancient_elements:raw_tin":5,"minecraft:light_blue_bed":3,"minecraft:iron_horse_armor":1,"minecraft:arrow":1,"minecraft:polished_basalt":1,"minecraft:saddle":1,"minecraft:gold_ingot":3,"minecraft:white_wool":1,"minecraft:cobblestone":146,"minecraft:glow_ink_sac":4,"gamma_beasts:prehnite":7,"blue_skies:moonstone":2,"ancient_elements:raw_lead":4,"minecraft:gunpowder":8,"minecraft:dirt":4,"minecraft:bone":2,"minecraft:red_carpet":1,"minecraft:iron_ingot":33,"epicsamurai:raw_silver":3,"minecraft:iron_sword":1,"ancient_elements:aero_charge":6,"minecraft:sweet_berries":29,"minecraft:dripstone_block":2,"minecraft:spruce_sapling":2,"minecraft:spruce_log":19,"gamma_beasts:blackberry":3,"mokels_adventure:mandibles":6,"minecraft:diamond":2,"minecraft:soul_lantern":1,"minecraft:bread":58,"minecraft:emerald":3,"minecraft:rooted_dirt":28,"minecraft:coal":251},"minecraft:crafted":{"epicsamurai:silver_ingot":3,"minecraft:iron_boots":1,"minecraft:stone_pickaxe":1,"minecraft:spruce_boat":1,"minecraft:cooked_porkchop":3,"minecraft:crafting_table":1,"minecraft:spruce_planks":20,"minecraft:wooden_pickaxe":1,"minecraft:bucket":1,"ancient_elements:tin_ingot":5,"minecraft:air":0,"minecraft:iron_chestplate":1,"ancient_elements:lead_ingot":4,"minecraft:stick":8,"minecraft:iron_ingot":19,"minecraft:iron_pickaxe":2,"minecraft:gold_ingot":8,"minecraft:iron_leggings":1},"minecraft:dropped":{"minecraft:iron_sword":1,"minecraft:brown_mushroom":2,"minecraft:glow_ink_sac":4,"blue_skies:moonstone":1,"mokels_rpg_two:tinydragon_feather":2,"minecraft:polished_basalt":1,"minecraft:string":3,"minecraft:spruce_sapling":1,"minecraft:bone":2,"blue_skies:moonstone_shard":1,"gamma_beasts:blackberry":3,"minecraft:gunpowder":8,"minecraft:arrow":1,"minecraft:wooden_pickaxe":2,"mokels_rpg_two:rollerfeather":2},"minecraft:killed":{"royalvariations:royal_creeper":1,"minecraft:skeleton":3,"mokels_rpg_two:tiny_dragon":4,"mokels_rpg_two:spyderling":2,"mokels_adventure:hammerhead_ant":6,"minecraft:pig":1,"mokels_rpg_two:roller":2,"minecraft:sheep":1,"minecraft:zombie":2},"minecraft:used":{"minecraft:writable_book":3,"minecraft:chest":3,"minecraft:iron_sword":129,"minecraft:iron_chestplate":1,"minecraft:torch":9,"minecraft:dirt":4,"minecraft:iron_axe":28,"minecraft:rooted_dirt":6,"minecraft:iron_helmet":1,"minecraft:light_blue_bed":4,"minecraft:iron_boots":1,"minecraft:red_carpet":1,"minecraft:furnace":5,"mokels_weaponry:mace_speer_cleaver":9,"minecraft:cobbled_deepslate":1,"minecraft:iron_leggings":1,"blue_skies:moonstone":1,"minecraft:stone_pickaxe":110,"minecraft:wooden_pickaxe":45,"minecraft:glow_berries":1,"minecraft:crafting_table":4,"minecraft:dripstone_block":2,"minecraft:diamond_pickaxe":7,"minecraft:bread":16,"minecraft:iron_pickaxe":46,"minecraft:diamond_ore":2,"minecraft:soul_lantern":1,"minecraft:cobblestone":101,"minecraft:bucket":1,"minecraft:coarse_dirt":2},"minecraft:mined":{"minecraft:diamond_ore":2,"minecraft:red_carpet":1,"ancient_elements:lead_ore":4,"minecraft:sculk_vein":1,"blue_skies:moonstone":2,"minecraft:grass_block":1,"epicsamurai:silver_ore":3,"minecraft:spruce_leaves":3,"minecraft:rooted_dirt":26,"minecraft:spawner":1,"minecraft:furnace":5,"minecraft:polished_basalt":1,"minecraft:iron_ore":5,"gamma_beasts:prehnite_ore":7,"ancient_elements:tin_ore":5,"minecraft:stone":146,"gamma_beasts:abeto_hoja":2,"minecraft:brown_mushroom":1,"minecraft:soul_fire":6,"minecraft:soul_lantern":1,"minecraft:crafting_table":4,"minecraft:torch":5,"minecraft:chest":3,"minecraft:sculk_sensor":7,"minecraft:tall_grass":1,"minecraft:oak_planks":1,"minecraft:sculk":1,"minecraft:wall_torch":3,"minecraft:coarse_dirt":2,"minecraft:light_blue_bed":3,"minecraft:sweet_berry_bush":9,"minecraft:blue_ice":2,"minecraft:spruce_log":23,"minecraft:coal_ore":4,"minecraft:cherry_leaves":1,"minecraft:dirt":5,"minecraft:dripstone_block":3,"minecraft:cobweb":1,"minecraft:oak_leaves":4,"minecraft:deepslate":1},"minecraft:custom":{"minecraft:interact_with_smithing_table":1,"lootr:looted_stat":20,"minecraft:mob_kills":22,"minecraft:interact_with_anvil":1,"minecraft:inspect_hopper":1,"minecraft:interact_with_crafting_table":13,"minecraft:open_barrel":2,"minecraft:damage_dealt_resisted":0,"minecraft:leave_game":2,"minecraft:time_since_death":52818,"minecraft:climb_one_cm":3410,"minecraft:sprint_one_cm":280272,"minecraft:walk_one_cm":377560,"minecraft:drop":19,"minecraft:play_time":52818,"minecraft:sneak_time":2111,"minecraft:walk_under_water_one_cm":2606,"minecraft:jump":1504,"minecraft:walk_on_water_one_cm":14267,"minecraft:total_world_time":52818,"minecraft:interact_with_furnace":40,"minecraft:sleep_in_bed":1,"minecraft:time_since_rest":4255,"minecraft:waystone_activated":1,"minecraft:damage_taken":992,"minecraft:trigger_trapped_chest":4,"minecraft:damage_dealt":4754,"minecraft:swim_one_cm":6767,"minecraft:fly_one_cm":358221,"minecraft:open_chest":37,"minecraft:crouch_one_cm":20472,"tombstone:undead_killed":5,"minecraft:fall_one_cm":38761}},"DataVersion":3465}