{"stats":{"minecraft:custom":{"minecraft:interact_with_smithing_table":1,"lootr:looted_stat":14,"minecraft:interact_with_furnace":40,"minecraft:mob_kills":21,"minecraft:interact_with_anvil":1,"minecraft:inspect_hopper":1,"minecraft:interact_with_crafting_table":11,"minecraft:open_barrel":2,"minecraft:damage_dealt_resisted":0,"minecraft:leave_game":2,"minecraft:time_since_death":48827,"minecraft:sleep_in_bed":1,"minecraft:climb_one_cm":1315,"minecraft:time_since_rest":264,"minecraft:waystone_activated":1,"minecraft:sprint_one_cm":235298,"minecraft:damage_taken":912,"minecraft:walk_one_cm":330646,"minecraft:trigger_trapped_chest":4,"minecraft:drop":13,"minecraft:damage_dealt":4674,"minecraft:swim_one_cm":4404,"minecraft:fly_one_cm":274284,"minecraft:open_chest":37,"minecraft:crouch_one_cm":19763,"minecraft:play_time":48827,"tombstone:undead_killed":5,"minecraft:sneak_time":2073,"minecraft:walk_under_water_one_cm":2396,"minecraft:jump":1233,"minecraft:walk_on_water_one_cm":8847,"minecraft:total_world_time":48827,"minecraft:fall_one_cm":29049},"minecraft:used":{"minecraft:writable_book":3,"minecraft:stone_pickaxe":110,"minecraft:chest":3,"minecraft:wooden_pickaxe":45,"minecraft:iron_sword":128,"minecraft:iron_chestplate":1,"minecraft:torch":9,"minecraft:glow_berries":1,"minecraft:dirt":4,"minecraft:crafting_table":3,"minecraft:dripstone_block":2,"minecraft:diamond_pickaxe":7,"minecraft:iron_axe":6,"minecraft:rooted_dirt":6,"minecraft:bread":12,"minecraft:iron_pickaxe":46,"minecraft:iron_helmet":1,"minecraft:iron_boots":1,"minecraft:diamond_ore":2,"minecraft:light_blue_bed":4,"minecraft:soul_lantern":1,"minecraft:red_carpet":1,"minecraft:cobblestone":101,"minecraft:furnace":5,"minecraft:bucket":1,"mokels_weaponry:mace_speer_cleaver":9,"minecraft:coarse_dirt":2,"minecraft:cobbled_deepslate":1,"minecraft:iron_leggings":1},"minecraft:dropped":{"minecraft:iron_sword":1,"minecraft:brown_mushroom":2,"minecraft:glow_ink_sac":4,"mokels_rpg_two:tinydragon_feather":2,"minecraft:arrow":1,"minecraft:polished_basalt":1,"minecraft:wooden_pickaxe":2,"minecraft:string":2,"minecraft:bone":2,"minecraft:spruce_sapling":1},"minecraft:crafted":{"epicsamurai:silver_ingot":3,"minecraft:cooked_porkchop":3,"minecraft:crafting_table":1,"minecraft:spruce_planks":12,"minecraft:wooden_pickaxe":1,"minecraft:bucket":1,"ancient_elements:tin_ingot":5,"minecraft:air":0,"minecraft:iron_boots":1,"minecraft:iron_chestplate":1,"ancient_elements:lead_ingot":4,"minecraft:stick":8,"minecraft:iron_ingot":19,"minecraft:iron_pickaxe":2,"minecraft:stone_pickaxe":1,"minecraft:gold_ingot":8,"minecraft:iron_leggings":1},"minecraft:picked_up":{"mokels_rpg_two:tinydragon_feather":2,"minecraft:coarse_dirt":2,"minecraft:crafting_table":4,"minecraft:glow_ink_sac":4,"mokels_rpg_two:rollerfeather":2,"minecraft:brown_mushroom":2,"minecraft:wooden_pickaxe":1,"royalvariations:royal_gunpowder":1,"gamma_beasts:prehnite":7,"minecraft:wither_rose":1,"ancient_elements:raw_lead":4,"minecraft:gunpowder":8,"minecraft:string":3,"minecraft:dirt":4,"minecraft:bone":2,"minecraft:red_carpet":1,"dungeonnowloading:spawner_fragment":5,"mokels_rpg_two:tiny_dragon_fang":1,"minecraft:cobbled_deepslate":1,"minecraft:spruce_planks":3,"minecraft:iron_ingot":33,"epicsamurai:raw_silver":3,"minecraft:chest":4,"minecraft:iron_sword":1,"ancient_elements:aero_charge":6,"minecraft:furnace":9,"minecraft:raw_iron":22,"minecraft:sweet_berries":10,"minecraft:torch":9,"minecraft:dripstone_block":2,"minecraft:porkchop":6,"ancient_elements:raw_tin":5,"minecraft:spruce_sapling":2,"minecraft:spruce_log":3,"gamma_beasts:blackberry":3,"minecraft:light_blue_bed":3,"minecraft:iron_horse_armor":1,"mokels_adventure:mandibles":6,"minecraft:arrow":1,"minecraft:diamond":2,"minecraft:soul_lantern":1,"minecraft:polished_basalt":1,"minecraft:gold_ingot":3,"minecraft:saddle":1,"minecraft:bread":58,"minecraft:emerald":3,"minecraft:rooted_dirt":28,"minecraft:coal":251,"minecraft:cobblestone":146},"minecraft:killed":{"royalvariations:royal_creeper":1,"minecraft:pig":1,"mokels_rpg_two:roller":2,"minecraft:skeleton":3,"minecraft:zombie":2,"mokels_rpg_two:tiny_dragon":4,"mokels_rpg_two:spyderling":2,"mokels_adventure:hammerhead_ant":6},"minecraft:mined":{"minecraft:diamond_ore":2,"gamma_beasts:abeto_hoja":2,"minecraft:red_carpet":1,"minecraft:brown_mushroom":1,"ancient_elements:lead_ore":4,"minecraft:sculk_vein":1,"minecraft:soul_fire":6,"minecraft:soul_lantern":1,"minecraft:crafting_table":3,"minecraft:torch":5,"epicsamurai:silver_ore":3,"minecraft:grass_block":1,"minecraft:chest":3,"minecraft:sculk_sensor":7,"minecraft:tall_grass":1,"minecraft:spruce_leaves":3,"minecraft:oak_planks":1,"minecraft:sculk":1,"minecraft:rooted_dirt":26,"minecraft:wall_torch":3,"minecraft:spawner":1,"minecraft:coarse_dirt":2,"minecraft:light_blue_bed":3,"minecraft:furnace":5,"minecraft:polished_basalt":1,"minecraft:iron_ore":5,"minecraft:blue_ice":2,"gamma_beasts:prehnite_ore":7,"minecraft:spruce_log":3,"ancient_elements:tin_ore":5,"minecraft:coal_ore":4,"minecraft:cherry_leaves":1,"minecraft:dripstone_block":3,"minecraft:dirt":5,"minecraft:stone":146,"minecraft:oak_leaves":4,"minecraft:deepslate":1}},"DataVersion":3465}