{"stats":{"minecraft:custom":{"minecraft:interact_with_furnace":1,"minecraft:mob_kills":25,"minecraft:interact_with_anvil":2,"minecraft:inspect_hopper":3,"minecraft:open_shulker_box":4,"minecraft:leave_game":10,"minecraft:time_since_death":641,"minecraft:climb_one_cm":184,"minecraft:time_since_rest":1,"minecraft:waystone_activated":2,"minecraft:open_enderchest":11,"minecraft:sprint_one_cm":276837,"minecraft:damage_taken":630,"minecraft:walk_one_cm":308438,"minecraft:trigger_trapped_chest":10,"minecraft:drop":27,"minecraft:damage_dealt":4631,"minecraft:interact_with_beacon":3,"minecraft:swim_one_cm":932,"minecraft:fly_one_cm":2220164,"minecraft:target_hit":9,"minecraft:open_chest":14,"minecraft:crouch_one_cm":6316,"minecraft:play_time":266440,"minecraft:deaths":1,"minecraft:sneak_time":7609,"minecraft:walk_under_water_one_cm":8027,"tombstone:villager_killed":14,"minecraft:jump":1467,"minecraft:walk_on_water_one_cm":6806,"minecraft:total_world_time":269843,"minecraft:fall_one_cm":14172},"minecraft:used":{"minecraft:oak_trapdoor":1,"relics:relic_experience_bottle":11,"minecraft:quartz_bricks":59,"minecraft:chiseled_polished_blackstone":8,"minecraft:moss_carpet":3,"minecraft:water_bucket":4,"minecraft:netherite_sword":27,"minecraft:dirt_path":12,"relics:researching_table":5,"minecraft:flint_and_steel":50,"minecraft:smooth_quartz_slab":91,"minecraft:spruce_slab":9,"minecraft:redstone":10,"minecraft:blackstone":12,"minecraft:chest":12,"minecraft:ender_chest":3,"minecraft:stone":339,"minecraft:black_shulker_box":1,"minecraft:spruce_fence_gate":2,"ancient_elements:aetherial_glaze_spawn_egg":1,"minecraft:large_amethyst_bud":6,"minecraft:oak_leaves":5,"minecraft:polished_blackstone_bricks":11,"minecraft:gilded_blackstone":6,"minecraft:debug_stick":5,"minecraft:spruce_leaves":37,"minecraft:anvil":1,"minecraft:target":1,"minecraft:hopper":10,"minecraft:yellow_carpet":10,"minecraft:stone_brick_wall":11,"minecraft:granite":100,"minecraft:spruce_fence":62,"minecraft:spruce_log":20,"minecraft:light_blue_stained_glass":1,"minecraft:amethyst_cluster":3,"waystones:waystone":2,"minecraft:wooden_axe":2,"minecraft:light":131,"minecraft:quartz_pillar":27,"minecraft:villager_spawn_egg":9,"block_variants:cracked_nether_brick_fence":23,"minecraft:quartz_slab":5,"minecraft:spruce_wood":82,"minecraft:lantern":1,"minecraft:grass_block":13,"minecraft:bread":3,"minecraft:barrier":13,"minecraft:verdant_froglight":1,"minecraft:netherite_axe":6,"minecraft:stone_slab":93,"minecraft:light_blue_bed":1,"minecraft:cherry_leaves":21,"minecraft:stone_brick_stairs":11,"minecraft:stone_bricks":13,"minecraft:soul_lantern":1,"ancient_elements:undead_miner_spawn_egg":1,"minecraft:red_carpet":24,"minecraft:redstone_lamp":6,"minecraft:bow":11,"gamma_beasts:red_maple_door":17,"minecraft:bucket":4,"minecraft:chain":5,"tombstone:gift":1,"minecraft:smooth_stone_slab":2,"minecraft:egg":3,"minecraft:pearlescent_froglight":27,"minecraft:sculk_vein":6,"minecraft:bone_meal":13,"minecraft:soul_torch":5},"minecraft:dropped":{"minecraft:smooth_stone_slab":2,"tombstone:gift":1,"ancient_elements:aetherial_shard":4,"minecraft:granite":1,"rpgsmw:class_remove_orb":1,"minecraft:flint_and_steel":1,"minecraft:spruce_leaves":1,"minecraft:big_dripleaf":1,"ancient_elements:aetherium_ore":1,"minecraft:stone":4,"minecraft:milk_bucket":1,"ancient_elements:aero_charge":4,"minecraft:wooden_axe":1,"minecraft:egg":4},"minecraft:killed":{"ancient_elements:aetherial_glaze":8,"minecraft:creeper":1,"minecraft:chicken":1,"minecraft:villager":14},"minecraft:picked_up":{"minecraft:wooden_axe":1,"minecraft:lead":1,"minecraft:gunpowder":2,"minecraft:lantern":1,"minecraft:smooth_stone_slab":1,"ancient_elements:aetherial_shard":11,"minecraft:black_shulker_box":1,"relics:infinity_ham":4,"minecraft:birch_sapling":1,"ancient_elements:aero_charge":22,"minecraft:egg":8,"minecraft:stick":1,"minecraft:stone":1,"minecraft:big_dripleaf":1,"minecraft:spruce_sapling":2,"minecraft:redstone":1,"minecraft:oak_sapling":3}},"DataVersion":3465}