{"stats":{"minecraft:custom":{"lootr:looted_stat":19,"minecraft:interact_with_anvil":2,"minecraft:mob_kills":31,"minecraft:inspect_hopper":3,"minecraft:interact_with_crafting_table":1,"minecraft:open_shulker_box":4,"minecraft:leave_game":12,"minecraft:time_since_death":38537,"minecraft:climb_one_cm":494,"minecraft:damage_resisted":0,"minecraft:sprint_one_cm":397657,"minecraft:walk_one_cm":393486,"minecraft:drop":44,"minecraft:talked_to_villager":1,"minecraft:target_hit":9,"minecraft:play_time":304336,"minecraft:deaths":1,"minecraft:sneak_time":9670,"minecraft:walk_under_water_one_cm":21805,"minecraft:jump":2261,"minecraft:walk_on_water_one_cm":28562,"minecraft:total_world_time":307739,"minecraft:interact_with_furnace":1,"minecraft:time_since_rest":37671,"minecraft:waystone_activated":2,"minecraft:open_enderchest":11,"minecraft:damage_taken":1046,"minecraft:trigger_trapped_chest":11,"minecraft:damage_dealt":5775,"minecraft:interact_with_beacon":3,"minecraft:swim_one_cm":19102,"minecraft:fly_one_cm":2627429,"minecraft:open_chest":17,"minecraft:crouch_one_cm":12249,"tombstone:undead_killed":5,"tombstone:villager_killed":14,"minecraft:fall_one_cm":38819},"minecraft:used":{"relics:relic_experience_bottle":11,"minecraft:oak_trapdoor":1,"mokels_weaponry:katana_thorn":29,"minecraft:moss_carpet":3,"minecraft:netherite_sword":27,"minecraft:flint_and_steel":50,"minecraft:smooth_quartz_slab":91,"minecraft:spruce_slab":9,"minecraft:redstone":10,"minecraft:chest":12,"minecraft:ender_chest":3,"minecraft:stone":339,"minecraft:spruce_leaves":37,"minecraft:debug_stick":5,"minecraft:dirt":3,"minecraft:target":1,"minecraft:anvil":1,"minecraft:hopper":10,"minecraft:yellow_carpet":10,"minecraft:spruce_fence":62,"minecraft:granite":100,"minecraft:light_blue_stained_glass":1,"minecraft:wooden_axe":2,"minecraft:quartz_pillar":27,"minecraft:villager_spawn_egg":9,"minecraft:grass_block":13,"minecraft:quartz_slab":5,"minecraft:spruce_wood":82,"minecraft:lantern":1,"minecraft:iron_axe":1,"minecraft:light_blue_bed":1,"minecraft:cherry_leaves":21,"minecraft:stone_brick_stairs":11,"minecraft:stone_bricks":13,"minecraft:red_carpet":24,"minecraft:redstone_lamp":6,"minecraft:bow":11,"gamma_beasts:red_maple_door":17,"tombstone:gift":2,"minecraft:egg":3,"minecraft:pearlescent_froglight":27,"minecraft:iron_leggings":1,"minecraft:quartz_bricks":59,"minecraft:chiseled_polished_blackstone":8,"minecraft:water_bucket":4,"minecraft:dirt_path":12,"relics:researching_table":5,"minecraft:blackstone":12,"minecraft:black_shulker_box":1,"minecraft:spruce_fence_gate":2,"ancient_elements:aetherial_glaze_spawn_egg":1,"minecraft:gilded_blackstone":6,"minecraft:polished_blackstone_bricks":11,"minecraft:large_amethyst_bud":6,"minecraft:oak_leaves":5,"minecraft:crafting_table":1,"minecraft:stone_brick_wall":11,"minecraft:spruce_log":20,"minecraft:amethyst_cluster":3,"waystones:waystone":2,"minecraft:light":131,"block_variants:cracked_nether_brick_fence":23,"minecraft:bread":8,"minecraft:barrier":13,"minecraft:iron_pickaxe":150,"minecraft:verdant_froglight":1,"minecraft:netherite_axe":6,"minecraft:stone_slab":93,"minecraft:soul_lantern":1,"ancient_elements:undead_miner_spawn_egg":1,"minecraft:cobblestone":13,"minecraft:bucket":4,"minecraft:chain":5,"minecraft:smooth_stone_slab":2,"minecraft:sculk_vein":6,"minecraft:bone_meal":13,"minecraft:soul_torch":5},"minecraft:dropped":{"minecraft:wheat_seeds":1,"minecraft:granite":1,"minecraft:spruce_leaves":1,"minecraft:milk_bucket":1,"minecraft:wooden_axe":1,"minecraft:sugar_cane":4,"minecraft:smooth_stone_slab":2,"minecraft:birch_sapling":1,"tombstone:gift":1,"minecraft:oak_planks":4,"ancient_elements:aetherial_shard":4,"rpgsmw:class_remove_orb":1,"minecraft:flint_and_steel":1,"minecraft:big_dripleaf":1,"ancient_elements:aetherium_ore":1,"minecraft:stone":4,"minecraft:allium":12,"ancient_elements:aero_charge":4,"mokels_weaponry:katana_thorn":1,"minecraft:egg":4},"minecraft:killed":{"minecraft:skeleton":5,"minecraft:chicken":1,"ancient_elements:aetherial_glaze":8,"minecraft:creeper":1,"minecraft:villager":14},"minecraft:crafted":{"minecraft:oak_planks":12,"minecraft:crafting_table":1,"minecraft:stick":4,"minecraft:iron_pickaxe":1},"minecraft:picked_up":{"minecraft:wooden_axe":1,"minecraft:crafting_table":2,"minecraft:allium":12,"minecraft:lead":1,"minecraft:enchanted_book":1,"minecraft:smooth_stone_slab":1,"ancient_elements:aetherial_shard":11,"minecraft:black_shulker_box":1,"mokels_weaponry:katana_thorn":1,"minecraft:sugar_cane":4,"minecraft:birch_sapling":2,"minecraft:egg":8,"minecraft:stick":3,"minecraft:stone":1,"minecraft:raw_gold_block":3,"minecraft:big_dripleaf":1,"ancient_elements:raw_tin":6,"minecraft:redstone":1,"minecraft:arrow":2,"minecraft:cobblestone":62,"minecraft:oak_log":3,"minecraft:gunpowder":2,"minecraft:dirt":3,"minecraft:lantern":1,"minecraft:bone":4,"minecraft:wheat_seeds":1,"relics:infinity_ham":4,"ancient_elements:aero_charge":22,"minecraft:raw_iron_block":1,"minecraft:spruce_sapling":2,"minecraft:bundle":2,"minecraft:emerald":7,"epicsamurai:ruby":3,"minecraft:oak_sapling":3},"minecraft:mined":{"minecraft:spruce_planks":1,"minecraft:raw_iron_block":2,"minecraft:raw_gold_block":3,"minecraft:iron_ore":1,"gamma_beasts:prehnite_ore":1,"ancient_elements:tin_ore":6,"minecraft:azalea_leaves":4,"minecraft:stone":113,"minecraft:acacia_leaves":3,"minecraft:crafting_table":2,"minecraft:mushroom_stem":1,"minecraft:cobblestone":2,"minecraft:oak_planks":1,"minecraft:grass":1,"minecraft:oak_log":3,"minecraft:dirt":4,"minecraft:deepslate_emerald_ore":7,"minecraft:oak_leaves":2,"epicsamurai:ruby_ore":3}},"DataVersion":3465}