{"stats":{"minecraft:custom":{"lootr:looted_stat":17,"minecraft:interact_with_furnace":1,"minecraft:mob_kills":25,"minecraft:interact_with_anvil":2,"minecraft:inspect_hopper":3,"minecraft:interact_with_crafting_table":1,"minecraft:open_shulker_box":4,"minecraft:leave_game":11,"minecraft:time_since_death":29844,"minecraft:climb_one_cm":184,"minecraft:time_since_rest":28978,"minecraft:waystone_activated":2,"minecraft:sprint_one_cm":365520,"minecraft:open_enderchest":11,"minecraft:damage_taken":830,"minecraft:walk_one_cm":367779,"minecraft:trigger_trapped_chest":11,"minecraft:drop":29,"minecraft:damage_dealt":4731,"minecraft:interact_with_beacon":3,"minecraft:swim_one_cm":14192,"minecraft:talked_to_villager":1,"minecraft:fly_one_cm":2495923,"minecraft:target_hit":9,"minecraft:open_chest":17,"minecraft:crouch_one_cm":8222,"minecraft:play_time":295643,"minecraft:deaths":1,"minecraft:sneak_time":9394,"minecraft:walk_under_water_one_cm":19413,"tombstone:villager_killed":14,"minecraft:jump":1940,"minecraft:walk_on_water_one_cm":19043,"minecraft:total_world_time":299046,"minecraft:fall_one_cm":31089},"minecraft:used":{"minecraft:oak_trapdoor":1,"relics:relic_experience_bottle":11,"minecraft:quartz_bricks":59,"minecraft:chiseled_polished_blackstone":8,"minecraft:moss_carpet":3,"minecraft:water_bucket":4,"minecraft:netherite_sword":27,"minecraft:dirt_path":12,"relics:researching_table":5,"minecraft:flint_and_steel":50,"minecraft:smooth_quartz_slab":91,"minecraft:spruce_slab":9,"minecraft:redstone":10,"minecraft:blackstone":12,"minecraft:chest":12,"minecraft:ender_chest":3,"minecraft:stone":339,"minecraft:black_shulker_box":1,"minecraft:spruce_fence_gate":2,"ancient_elements:aetherial_glaze_spawn_egg":1,"minecraft:large_amethyst_bud":6,"minecraft:oak_leaves":5,"minecraft:polished_blackstone_bricks":11,"minecraft:gilded_blackstone":6,"minecraft:debug_stick":5,"minecraft:spruce_leaves":37,"minecraft:dirt":3,"minecraft:anvil":1,"minecraft:target":1,"minecraft:hopper":10,"minecraft:crafting_table":1,"minecraft:yellow_carpet":10,"minecraft:stone_brick_wall":11,"minecraft:granite":100,"minecraft:spruce_fence":62,"minecraft:spruce_log":20,"minecraft:light_blue_stained_glass":1,"minecraft:amethyst_cluster":3,"waystones:waystone":2,"minecraft:wooden_axe":2,"minecraft:light":131,"minecraft:quartz_pillar":27,"minecraft:villager_spawn_egg":9,"block_variants:cracked_nether_brick_fence":23,"minecraft:lantern":1,"minecraft:quartz_slab":5,"minecraft:spruce_wood":82,"minecraft:iron_axe":1,"minecraft:grass_block":13,"minecraft:bread":5,"minecraft:iron_pickaxe":138,"minecraft:barrier":13,"minecraft:verdant_froglight":1,"minecraft:netherite_axe":6,"minecraft:stone_slab":93,"minecraft:light_blue_bed":1,"minecraft:cherry_leaves":21,"minecraft:stone_brick_stairs":11,"minecraft:stone_bricks":13,"minecraft:soul_lantern":1,"ancient_elements:undead_miner_spawn_egg":1,"minecraft:red_carpet":24,"minecraft:redstone_lamp":6,"minecraft:bow":11,"gamma_beasts:red_maple_door":17,"minecraft:egg":3,"minecraft:bucket":4,"minecraft:chain":5,"tombstone:gift":1,"minecraft:smooth_stone_slab":2,"minecraft:pearlescent_froglight":27,"minecraft:sculk_vein":6,"minecraft:bone_meal":13,"minecraft:iron_leggings":1,"minecraft:soul_torch":5},"minecraft:dropped":{"minecraft:wheat_seeds":1,"minecraft:smooth_stone_slab":2,"minecraft:birch_sapling":1,"tombstone:gift":1,"ancient_elements:aetherial_shard":4,"minecraft:granite":1,"rpgsmw:class_remove_orb":1,"minecraft:flint_and_steel":1,"minecraft:spruce_leaves":1,"minecraft:big_dripleaf":1,"ancient_elements:aetherium_ore":1,"minecraft:stone":4,"minecraft:milk_bucket":1,"ancient_elements:aero_charge":4,"minecraft:wooden_axe":1,"minecraft:egg":4},"minecraft:killed":{"ancient_elements:aetherial_glaze":8,"minecraft:creeper":1,"minecraft:chicken":1,"minecraft:villager":14},"minecraft:crafted":{"minecraft:oak_planks":8,"minecraft:crafting_table":1,"minecraft:stick":4,"minecraft:iron_pickaxe":1},"minecraft:picked_up":{"minecraft:wooden_axe":1,"minecraft:allium":12,"minecraft:crafting_table":2,"minecraft:lead":1,"minecraft:oak_log":2,"minecraft:gunpowder":2,"minecraft:dirt":3,"minecraft:lantern":1,"minecraft:smooth_stone_slab":1,"ancient_elements:aetherial_shard":11,"minecraft:wheat_seeds":1,"minecraft:black_shulker_box":1,"relics:infinity_ham":4,"minecraft:birch_sapling":2,"ancient_elements:aero_charge":22,"minecraft:egg":8,"minecraft:stick":3,"minecraft:stone":1,"minecraft:big_dripleaf":1,"ancient_elements:raw_tin":6,"minecraft:spruce_sapling":2,"minecraft:redstone":1,"minecraft:emerald":7,"minecraft:oak_sapling":3,"minecraft:cobblestone":60},"minecraft:mined":{"minecraft:acacia_leaves":3,"minecraft:spruce_planks":1,"minecraft:crafting_table":2,"minecraft:mushroom_stem":1,"minecraft:oak_planks":1,"ancient_elements:tin_ore":6,"minecraft:grass":1,"minecraft:oak_log":2,"minecraft:dirt":4,"minecraft:azalea_leaves":4,"minecraft:stone":113,"minecraft:oak_leaves":2,"minecraft:deepslate_emerald_ore":7}},"DataVersion":3465}