{"stats":{"minecraft:picked_up":{"minecraft:wooden_axe":1,"minecraft:crafting_table":2,"minecraft:allium":12,"minecraft:lead":1,"minecraft:enchanted_book":1,"minecraft:smooth_stone_slab":1,"minecraft:item_frame":3,"ancient_elements:aetherial_shard":11,"minecraft:black_shulker_box":2,"minecraft:sugar_cane":4,"mokels_weaponry:katana_thorn":1,"minecraft:birch_sapling":2,"minecraft:egg":9,"minecraft:stick":3,"minecraft:stone":1,"minecraft:raw_gold_block":6,"minecraft:big_dripleaf":1,"ancient_elements:raw_tin":6,"minecraft:redstone":1,"minecraft:arrow":2,"minecraft:leather_horse_armor":1,"minecraft:obsidian":9,"minecraft:cobblestone":84,"epicsamurai:kitsune_tail":1,"epicsamurai:kitsune_hide":1,"minecraft:oak_log":3,"minecraft:gunpowder":2,"minecraft:dirt":4,"minecraft:lantern":1,"minecraft:bone":4,"minecraft:wheat_seeds":9,"minecraft:iron_ingot":22,"relics:infinity_ham":4,"minecraft:iron_sword":1,"ancient_elements:aero_charge":22,"minecraft:raw_iron_block":2,"minecraft:spruce_sapling":2,"minecraft:bundle":2,"minecraft:diamond":7,"minecraft:spruce_sign":1,"minecraft:emerald":14,"epicsamurai:ruby":3,"minecraft:oak_sapling":3},"minecraft:crafted":{"minecraft:oak_planks":12,"minecraft:raw_iron":9,"minecraft:crafting_table":1,"minecraft:air":0,"minecraft:raw_gold":27,"minecraft:stick":4,"minecraft:iron_pickaxe":1,"minecraft:gold_ingot":3},"minecraft:killed":{"minecraft:skeleton":5,"minecraft:chicken":1,"ancient_elements:aetherial_glaze":8,"epicsamurai:kitsune":1,"minecraft:creeper":1,"minecraft:zombie":1,"minecraft:villager":14},"minecraft:dropped":{"minecraft:iron_ingot":22,"minecraft:iron_sword":1,"minecraft:wheat_seeds":9,"minecraft:diamond":7,"minecraft:granite":1,"minecraft:raw_gold_block":3,"minecraft:item_frame":1,"minecraft:emerald":7,"minecraft:spruce_leaves":1,"minecraft:milk_bucket":1,"minecraft:leather_horse_armor":1,"minecraft:wooden_axe":1,"minecraft:raw_iron_block":1,"minecraft:string":10,"minecraft:sugar_cane":4,"minecraft:smooth_stone_slab":2,"minecraft:birch_sapling":1,"tombstone:gift":1,"minecraft:oak_planks":4,"aether:leather_gloves":1,"ancient_elements:aetherial_shard":4,"rpgsmw:class_remove_orb":1,"minecraft:flint_and_steel":1,"minecraft:big_dripleaf":1,"ancient_elements:aetherium_ore":1,"minecraft:stone":4,"minecraft:allium":12,"ancient_elements:aero_charge":4,"mokels_weaponry:katana_thorn":1,"minecraft:egg":5},"minecraft:used":{"relics:relic_experience_bottle":11,"minecraft:oak_trapdoor":1,"mokels_weaponry:katana_thorn":60,"minecraft:moss_carpet":3,"minecraft:netherite_sword":27,"minecraft:flint_and_steel":50,"minecraft:smooth_quartz_slab":91,"minecraft:spruce_slab":9,"minecraft:redstone":10,"minecraft:chest":12,"minecraft:ender_chest":3,"minecraft:stone":339,"minecraft:debug_stick":5,"minecraft:spruce_leaves":37,"minecraft:dirt":4,"minecraft:anvil":1,"minecraft:target":1,"minecraft:hopper":10,"minecraft:yellow_carpet":10,"minecraft:spruce_fence":62,"minecraft:granite":100,"minecraft:light_blue_stained_glass":1,"minecraft:wooden_axe":2,"minecraft:quartz_pillar":27,"minecraft:villager_spawn_egg":9,"minecraft:grass_block":13,"minecraft:quartz_slab":5,"minecraft:spruce_wood":82,"minecraft:lantern":1,"minecraft:iron_axe":2,"minecraft:light_blue_bed":1,"minecraft:cherry_leaves":21,"minecraft:stone_brick_stairs":11,"minecraft:stone_bricks":13,"minecraft:red_carpet":24,"minecraft:redstone_lamp":6,"minecraft:bow":11,"gamma_beasts:red_maple_door":17,"minecraft:furnace":4,"tombstone:gift":2,"minecraft:egg":3,"minecraft:pearlescent_froglight":27,"minecraft:iron_leggings":1,"minecraft:quartz_bricks":59,"minecraft:chiseled_polished_blackstone":8,"minecraft:water_bucket":4,"minecraft:dirt_path":12,"relics:researching_table":5,"minecraft:bundle":1,"minecraft:blackstone":12,"minecraft:black_shulker_box":2,"minecraft:spruce_fence_gate":2,"ancient_elements:aetherial_glaze_spawn_egg":1,"minecraft:large_amethyst_bud":6,"minecraft:gilded_blackstone":6,"minecraft:polished_blackstone_bricks":11,"minecraft:oak_leaves":5,"minecraft:crafting_table":1,"minecraft:stone_brick_wall":11,"minecraft:spruce_log":20,"minecraft:amethyst_cluster":3,"waystones:waystone":2,"minecraft:light":131,"block_variants:cracked_nether_brick_fence":23,"minecraft:bread":16,"minecraft:iron_pickaxe":174,"minecraft:barrier":13,"minecraft:verdant_froglight":1,"minecraft:netherite_axe":6,"minecraft:stone_slab":93,"minecraft:soul_lantern":1,"ancient_elements:undead_miner_spawn_egg":1,"epicsamurai:kitsune_spawn_egg":1,"minecraft:cobblestone":28,"minecraft:bucket":4,"minecraft:chain":5,"minecraft:smooth_stone_slab":2,"minecraft:sculk_vein":6,"minecraft:bone_meal":13,"minecraft:soul_torch":5},"minecraft:mined":{"minecraft:black_shulker_box":1,"minecraft:spruce_planks":1,"minecraft:spruce_leaves":1,"minecraft:raw_iron_block":2,"minecraft:raw_gold_block":3,"minecraft:iron_ore":1,"gamma_beasts:prehnite_ore":1,"ancient_elements:tin_ore":6,"minecraft:azalea_leaves":4,"minecraft:stone":136,"minecraft:acacia_leaves":3,"minecraft:crafting_table":2,"minecraft:mushroom_stem":1,"minecraft:cobblestone":2,"minecraft:oak_planks":1,"minecraft:birch_leaves":2,"minecraft:spruce_log":1,"minecraft:grass":1,"minecraft:oak_log":3,"minecraft:dirt":5,"minecraft:deepslate_emerald_ore":7,"minecraft:oak_leaves":2,"epicsamurai:ruby_ore":3},"minecraft:custom":{"lootr:looted_stat":27,"minecraft:mob_kills":33,"minecraft:interact_with_anvil":2,"minecraft:inspect_hopper":3,"minecraft:interact_with_crafting_table":1,"minecraft:open_barrel":4,"minecraft:open_shulker_box":5,"minecraft:leave_game":13,"minecraft:time_since_death":50007,"minecraft:climb_one_cm":2372,"minecraft:damage_resisted":0,"minecraft:sprint_one_cm":513591,"minecraft:walk_one_cm":466810,"minecraft:drop":56,"minecraft:talked_to_villager":1,"minecraft:target_hit":9,"minecraft:play_time":315806,"minecraft:deaths":1,"minecraft:sneak_time":9996,"minecraft:walk_under_water_one_cm":25516,"minecraft:jump":3052,"minecraft:walk_on_water_one_cm":32447,"minecraft:total_world_time":319209,"minecraft:interact_with_furnace":12,"minecraft:sleep_in_bed":1,"minecraft:time_since_rest":7232,"minecraft:waystone_activated":2,"minecraft:open_enderchest":15,"minecraft:damage_taken":1296,"minecraft:trigger_trapped_chest":11,"minecraft:damage_dealt":6876,"minecraft:interact_with_beacon":3,"minecraft:swim_one_cm":30835,"minecraft:fly_one_cm":2878865,"minecraft:open_chest":20,"minecraft:crouch_one_cm":15383,"tombstone:undead_killed":6,"tombstone:villager_killed":14,"minecraft:fall_one_cm":65566}},"DataVersion":3465}