{"stats":{"minecraft:custom":{"lootr:looted_stat":18,"minecraft:mob_kills":5,"minecraft:inspect_hopper":3,"minecraft:interact_with_crafting_table":3,"minecraft:open_barrel":1,"minecraft:damage_dealt_resisted":0,"minecraft:leave_game":23,"minecraft:time_since_death":58305,"minecraft:climb_one_cm":4183,"minecraft:sprint_one_cm":795709,"minecraft:walk_one_cm":1317188,"minecraft:drop":63,"minecraft:target_hit":1,"minecraft:play_time":1134859,"minecraft:deaths":3,"minecraft:sneak_time":41120,"minecraft:walk_under_water_one_cm":129550,"minecraft:boat_one_cm":10746,"minecraft:jump":4827,"minecraft:interact_with_blast_furnace":1,"minecraft:walk_on_water_one_cm":79925,"minecraft:total_world_time":2068063,"minecraft:interact_with_furnace":4,"minecraft:pot_flower":3,"minecraft:time_since_rest":56891,"minecraft:waystone_activated":1,"minecraft:open_enderchest":5,"minecraft:damage_taken":1307,"minecraft:trigger_trapped_chest":46,"minecraft:damage_dealt":1259,"minecraft:interact_with_beacon":1,"minecraft:swim_one_cm":31374,"minecraft:fly_one_cm":15418648,"minecraft:open_chest":149,"minecraft:crouch_one_cm":18349,"tombstone:undead_killed":1,"minecraft:fall_one_cm":52650},"minecraft:used":{"minecraft:rose_bush":4,"minecraft:blue_terracotta":657,"minecraft:writable_book":10,"minecraft:jungle_leaves":14,"minecraft:polished_blackstone_brick_slab":17,"minecraft:enchanting_table":1,"minecraft:crimson_fence":5,"minecraft:flint_and_steel":9,"minecraft:spruce_slab":1551,"minecraft:poppy":16,"minecraft:oak_sign":1,"minecraft:spruce_planks":2120,"minecraft:white_concrete_powder":1,"minecraft:chest":16,"blue_skies:crystallized_door":2,"minecraft:stone":275,"blue_skies:dusk_slab":100,"minecraft:quartz_stairs":99,"minecraft:spruce_leaves":1896,"minecraft:torch":9,"minecraft:orange_stained_glass":28,"minecraft:dirt":20,"minecraft:anvil":1,"gamma_beasts:red_maple_leaves":2474,"minecraft:white_carpet":43,"minecraft:spruce_stairs":588,"minecraft:warped_door":2,"minecraft:snowball":2611,"minecraft:spruce_fence":439,"minecraft:light_blue_stained_glass":1,"minecraft:obsidian":15,"minecraft:milk_bucket":5,"twilightforest:giant_pickaxe":12,"minecraft:shroomlight":6,"minecraft:dark_oak_planks":433,"minecraft:stone_brick_slab":252,"minecraft:wooden_axe":2,"minecraft:sea_lantern":155,"minecraft:mangrove_log":6,"minecraft:bookshelf":154,"minecraft:quartz_pillar":84,"minecraft:villager_spawn_egg":15,"minecraft:yellow_stained_glass":49,"minecraft:quartz_slab":168,"minecraft:red_wool":190,"minecraft:spruce_wood":3884,"minecraft:lantern":283,"minecraft:grass_block":1045,"minecraft:spruce_button":21,"minecraft:dark_oak_leaves":1,"minecraft:light_blue_bed":8,"minecraft:dark_oak_wood":2769,"blue_skies:chiseled_crystal_sandstone":2,"minecraft:polished_blackstone_brick_stairs":48,"minecraft:cherry_leaves":330,"minecraft:smooth_quartz":79,"minecraft:stone_brick_stairs":152,"minecraft:stone_bricks":6270,"blue_skies:lunar_slab":156,"minecraft:spruce_hanging_sign":3,"minecraft:bedrock":16,"minecraft:red_carpet":150,"minecraft:purple_concrete":2,"minecraft:glowstone":14,"minecraft:infested_mossy_stone_bricks":14,"minecraft:bow":2,"gamma_beasts:red_maple_door":20,"minecraft:infested_cracked_stone_bricks":89,"minecraft:furnace":10,"minecraft:podzol":163,"minecraft:gold_block":13,"tombstone:gift":2,"minecraft:trapped_chest":17,"minecraft:egg":1,"minecraft:pearlescent_froglight":73,"blue_skies:trough":6,"simple_weapons:iron_scythe":7,"minecraft:quartz_bricks":1524,"minecraft:water_bucket":86,"minecraft:mossy_stone_bricks":252,"minecraft:warped_stem":179,"minecraft:pink_tulip":3,"minecraft:red_stained_glass":12,"minecraft:cyan_candle":10,"minecraft:lime_wool":59,"gamma_beasts:abeto_hoja":1,"minecraft:wooden_pickaxe":17,"gamma_beasts:prehnite_sword":3,"minecraft:beacon":1,"minecraft:cobblestone_slab":1,"minecraft:spruce_fence_gate":2,"minecraft:smooth_quartz_stairs":156,"minecraft:cracked_stone_bricks":231,"minecraft:oak_leaves":1436,"blue_skies:lunar_door":4,"minecraft:white_wool":65,"minecraft:stripped_dark_oak_log":2378,"minecraft:crafting_table":15,"minecraft:crimson_trapdoor":13,"minecraft:blast_furnace":2,"aether:chest_mimic":4,"minecraft:chiseled_quartz_block":15,"minecraft:ochre_froglight":60,"minecraft:stone_brick_wall":259,"minecraft:painting":10,"minecraft:infested_stone_bricks":67,"minecraft:spruce_log":150,"minecraft:warped_planks":187,"minecraft:purple_stained_glass":18,"minecraft:flower_pot":10,"minecraft:light":821,"minecraft:warped_trapdoor":6,"minecraft:diamond_shovel":520,"minecraft:dark_oak_log":411,"minecraft:cherry_door":2,"minecraft:iron_pickaxe":248,"minecraft:bread":16,"minecraft:map":1,"tombstone:white_marble":1,"minecraft:stone_slab":59,"minecraft:spruce_trapdoor":101,"minecraft:lilac":5,"minecraft:yellow_wool":38,"minecraft:soul_lantern":19,"minecraft:granite_slab":1,"blue_skies:lunar_chest":7,"minecraft:cobblestone":4,"minecraft:potion":1,"minecraft:grindstone":1,"minecraft:pink_stained_glass":16,"minecraft:smooth_stone_slab":943,"blue_skies:dusk_chest":3,"minecraft:diorite_slab":1,"gamma_beasts:abeto_hoja_1":2,"minecraft:smooth_stone":13,"nethers_exorcism:bossaltar":1,"minecraft:soul_torch":12},"minecraft:dropped":{"minecraft:spawner":1,"minecraft:iron_ingot":67,"minecraft:iron_sword":1,"minecraft:warped_stem":1,"minecraft:wheat_seeds":18,"minecraft:diamond":1,"minecraft:smooth_quartz_stairs":1,"simple_weapons:stone_spear":2,"minecraft:quartz_pillar":1,"minecraft:red_carpet":1,"minecraft:deepslate_tile_stairs":1,"simple_weapons:iron_katana":2,"epicsamurai:spirit_stone_base":1,"minecraft:wooden_axe":1,"backpacked:backpack":11,"minecraft:cherry_leaves":1,"tombstone:grave_dust":1,"minecraft:smooth_quartz_slab":1,"minecraft:sand":1,"minecraft:spruce_sapling":1,"minecraft:gravel":4,"minecraft:anvil":1,"rpgsmw:iron_scythe":2,"minecraft:chiseled_quartz_block":2,"minecraft:cobbled_deepslate":7,"minecraft:raw_copper":5,"minecraft:white_carpet":1,"minecraft:rotten_flesh":1,"ancient_elements:aetherial_shard":1,"simple_weapons:iron_scythe":1,"minecraft:yellow_stained_glass":1,"expanded_combat:birch_plank_flail":2,"dungeonnowloading:spawner_fragment":3,"minecraft:polished_deepslate_stairs":2,"minecraft:orange_stained_glass":1,"minecraft:warped_planks":1,"minecraft:filled_map":1,"minecraft:deepslate_tiles":1,"gamma_beasts:red_maple_leaves":2,"ancient_elements:aero_charge":4,"minecraft:spruce_trapdoor":1,"minecraft:skeleton_skull":1,"minecraft:quartz_stairs":1,"minecraft:sandstone":4,"minecraft:enchanting_table":1,"minecraft:quartz_slab":1},"minecraft:crafted":{"minecraft:crafting_table":1,"minecraft:spruce_planks":12,"minecraft:wooden_pickaxe":1,"minecraft:stick":4,"minecraft:wooden_axe":1,"minecraft:torch":4},"minecraft:killed":{"minecraft:skeleton":1,"minecraft:pig":1,"ancient_elements:aetherial_glaze":3},"minecraft:picked_up":{"simple_weapons:stone_spear":2,"minecraft:anvil":1,"backpacked:backpack":11,"minecraft:orange_stained_glass":1,"minecraft:raw_copper":5,"minecraft:quartz_slab":1,"minecraft:white_carpet":1,"dungeonnowloading:spawner_fragment":3,"ancient_elements:aetherial_shard":3,"minecraft:deepslate_tiles":1,"minecraft:cobbled_deepslate":52,"minecraft:spruce_planks":1,"minecraft:chest":8,"minecraft:quartz_stairs":1,"minecraft:spruce_trapdoor":1,"minecraft:smooth_quartz_stairs":1,"minecraft:egg":1,"minecraft:furnace":8,"minecraft:stick":2,"minecraft:sandstone":4,"minecraft:polished_deepslate_stairs":2,"treasure2:cauldron_chest":1,"minecraft:torch":3,"minecraft:porkchop":3,"minecraft:quartz_pillar":1,"minecraft:deepslate_tile_stairs":1,"minecraft:warped_planks":1,"minecraft:light_blue_bed":2,"rpgsmw:iron_scythe":2,"minecraft:rotten_flesh":1,"epicsamurai:spirit_stone_base":1,"minecraft:skeleton_skull":1,"minecraft:cobblestone":223,"gamma_beasts:red_maple_leaves":1,"minecraft:enchanting_table":1,"simple_weapons:iron_scythe":1,"minecraft:cherry_leaves":1,"minecraft:chiseled_quartz_block":2,"minecraft:dirt":23,"minecraft:red_carpet":1,"minecraft:wheat_seeds":37,"minecraft:warped_stem":1,"minecraft:yellow_stained_glass":1,"minecraft:iron_ingot":64,"expanded_combat:birch_plank_flail":2,"minecraft:oak_planks":1,"ancient_elements:aero_charge":7,"minecraft:milk_bucket":1,"minecraft:red_wool":1,"minecraft:gravel":4,"minecraft:sand":3,"minecraft:spruce_sapling":2,"minecraft:spruce_log":3,"simple_weapons:iron_katana":2,"rpgsmw:class_remove_orb":1,"minecraft:bread":96,"minecraft:oak_sapling":1,"minecraft:coal":128,"minecraft:smooth_quartz_slab":1},"minecraft:mined":{"minecraft:deepslate_tiles":1,"minecraft:sculk_vein":1,"minecraft:grass_block":6,"minecraft:deepslate_bricks":1,"minecraft:deepslate_tile_stairs":1,"minecraft:spawner":1,"minecraft:sandstone":4,"minecraft:sculk_shrieker":1,"minecraft:stone":183,"epicsamurai:spirit_stone_base":1,"minecraft:red_wool":1,"minecraft:polished_deepslate_stairs":2,"minecraft:copper_ore":1,"minecraft:sculk":1,"minecraft:wall_torch":4,"minecraft:ice":1,"minecraft:spruce_log":3,"minecraft:gravel":4,"minecraft:sand":1,"minecraft:dirt":14,"minecraft:deepslate":60}},"DataVersion":3465}