{"stats":{"minecraft:custom":{"lootr:looted_stat":10,"minecraft:mob_kills":3,"minecraft:inspect_hopper":3,"minecraft:interact_with_crafting_table":1,"minecraft:open_barrel":1,"minecraft:leave_game":22,"minecraft:time_since_death":19239,"minecraft:climb_one_cm":1855,"minecraft:sprint_one_cm":625330,"minecraft:walk_one_cm":1198620,"minecraft:drop":49,"minecraft:target_hit":1,"minecraft:play_time":1095793,"minecraft:walk_under_water_one_cm":123915,"minecraft:deaths":3,"minecraft:sneak_time":37970,"minecraft:jump":3609,"minecraft:interact_with_blast_furnace":1,"minecraft:walk_on_water_one_cm":73856,"minecraft:total_world_time":2028997,"minecraft:interact_with_furnace":4,"minecraft:pot_flower":3,"minecraft:time_since_rest":17825,"minecraft:waystone_activated":1,"minecraft:open_enderchest":5,"minecraft:damage_taken":396,"minecraft:trigger_trapped_chest":45,"minecraft:damage_dealt":1026,"minecraft:interact_with_beacon":1,"minecraft:swim_one_cm":12100,"minecraft:fly_one_cm":15070440,"minecraft:open_chest":139,"minecraft:crouch_one_cm":10864,"minecraft:fall_one_cm":6363},"minecraft:used":{"minecraft:rose_bush":4,"minecraft:blue_terracotta":657,"minecraft:writable_book":9,"minecraft:jungle_leaves":14,"minecraft:polished_blackstone_brick_slab":17,"minecraft:enchanting_table":1,"minecraft:crimson_fence":5,"minecraft:flint_and_steel":9,"minecraft:spruce_slab":1551,"minecraft:poppy":16,"minecraft:oak_sign":1,"minecraft:spruce_planks":2120,"minecraft:white_concrete_powder":1,"blue_skies:crystallized_door":2,"minecraft:chest":15,"minecraft:stone":275,"blue_skies:dusk_slab":100,"minecraft:quartz_stairs":99,"minecraft:spruce_leaves":1896,"minecraft:torch":5,"minecraft:orange_stained_glass":28,"minecraft:dirt":18,"minecraft:anvil":1,"gamma_beasts:red_maple_leaves":2474,"minecraft:white_carpet":43,"minecraft:spruce_stairs":588,"minecraft:warped_door":2,"minecraft:snowball":2611,"minecraft:spruce_fence":439,"minecraft:light_blue_stained_glass":1,"minecraft:milk_bucket":5,"minecraft:obsidian":15,"twilightforest:giant_pickaxe":12,"minecraft:shroomlight":6,"minecraft:dark_oak_planks":433,"minecraft:stone_brick_slab":252,"minecraft:wooden_axe":1,"minecraft:sea_lantern":155,"minecraft:mangrove_log":6,"minecraft:bookshelf":154,"minecraft:quartz_pillar":84,"minecraft:villager_spawn_egg":15,"minecraft:yellow_stained_glass":49,"minecraft:quartz_slab":168,"minecraft:red_wool":190,"minecraft:spruce_wood":3884,"minecraft:lantern":283,"minecraft:grass_block":1045,"minecraft:spruce_button":21,"minecraft:dark_oak_leaves":1,"minecraft:dark_oak_wood":2769,"minecraft:polished_blackstone_brick_stairs":48,"blue_skies:chiseled_crystal_sandstone":2,"minecraft:light_blue_bed":8,"minecraft:cherry_leaves":330,"minecraft:smooth_quartz":79,"minecraft:stone_brick_stairs":152,"minecraft:stone_bricks":6270,"blue_skies:lunar_slab":156,"minecraft:spruce_hanging_sign":3,"minecraft:bedrock":16,"minecraft:purple_concrete":2,"minecraft:glowstone":14,"minecraft:red_carpet":150,"minecraft:infested_mossy_stone_bricks":14,"minecraft:bow":2,"gamma_beasts:red_maple_door":20,"minecraft:infested_cracked_stone_bricks":89,"minecraft:furnace":10,"minecraft:podzol":163,"minecraft:gold_block":13,"tombstone:gift":2,"minecraft:trapped_chest":17,"minecraft:egg":1,"minecraft:pearlescent_froglight":73,"blue_skies:trough":6,"minecraft:quartz_bricks":1524,"minecraft:water_bucket":86,"minecraft:mossy_stone_bricks":252,"minecraft:warped_stem":179,"minecraft:pink_tulip":3,"minecraft:red_stained_glass":12,"minecraft:cyan_candle":10,"minecraft:lime_wool":59,"gamma_beasts:abeto_hoja":1,"gamma_beasts:prehnite_sword":3,"minecraft:beacon":1,"minecraft:cobblestone_slab":1,"minecraft:spruce_fence_gate":2,"minecraft:smooth_quartz_stairs":156,"minecraft:cracked_stone_bricks":231,"minecraft:oak_leaves":1436,"minecraft:white_wool":65,"blue_skies:lunar_door":4,"minecraft:stripped_dark_oak_log":2378,"minecraft:crafting_table":14,"minecraft:crimson_trapdoor":13,"minecraft:blast_furnace":2,"aether:chest_mimic":4,"minecraft:chiseled_quartz_block":15,"minecraft:ochre_froglight":60,"minecraft:stone_brick_wall":259,"minecraft:painting":10,"minecraft:infested_stone_bricks":67,"minecraft:warped_planks":187,"minecraft:spruce_log":150,"minecraft:purple_stained_glass":18,"minecraft:flower_pot":10,"minecraft:light":821,"minecraft:warped_trapdoor":6,"minecraft:diamond_shovel":520,"minecraft:cherry_door":2,"minecraft:dark_oak_log":411,"minecraft:bread":2,"tombstone:white_marble":1,"minecraft:stone_slab":59,"minecraft:spruce_trapdoor":101,"minecraft:lilac":5,"minecraft:yellow_wool":38,"minecraft:soul_lantern":19,"minecraft:granite_slab":1,"blue_skies:lunar_chest":7,"minecraft:potion":1,"minecraft:grindstone":1,"minecraft:pink_stained_glass":16,"minecraft:smooth_stone_slab":943,"blue_skies:dusk_chest":3,"minecraft:diorite_slab":1,"gamma_beasts:abeto_hoja_1":2,"minecraft:smooth_stone":13,"nethers_exorcism:bossaltar":1,"minecraft:soul_torch":12},"minecraft:dropped":{"minecraft:spawner":1,"minecraft:iron_ingot":64,"minecraft:warped_stem":1,"minecraft:wheat_seeds":18,"minecraft:smooth_quartz_stairs":1,"minecraft:diamond":1,"simple_weapons:stone_spear":2,"minecraft:quartz_pillar":1,"minecraft:red_carpet":1,"simple_weapons:iron_katana":2,"backpacked:backpack":11,"minecraft:cherry_leaves":1,"tombstone:grave_dust":1,"minecraft:smooth_quartz_slab":1,"minecraft:spruce_sapling":1,"minecraft:anvil":1,"rpgsmw:iron_scythe":2,"minecraft:chiseled_quartz_block":2,"minecraft:white_carpet":1,"minecraft:rotten_flesh":1,"ancient_elements:aetherial_shard":1,"simple_weapons:iron_scythe":1,"minecraft:yellow_stained_glass":1,"expanded_combat:birch_plank_flail":2,"minecraft:orange_stained_glass":1,"minecraft:warped_planks":1,"gamma_beasts:red_maple_leaves":2,"minecraft:spruce_trapdoor":1,"ancient_elements:aero_charge":4,"minecraft:skeleton_skull":1,"minecraft:quartz_stairs":1,"minecraft:enchanting_table":1,"minecraft:quartz_slab":1},"minecraft:killed":{"ancient_elements:aetherial_glaze":3},"minecraft:picked_up":{"simple_weapons:stone_spear":2,"minecraft:anvil":1,"backpacked:backpack":11,"minecraft:orange_stained_glass":1,"minecraft:quartz_slab":1,"minecraft:white_carpet":1,"ancient_elements:aetherial_shard":3,"minecraft:chest":8,"minecraft:quartz_stairs":1,"minecraft:egg":1,"minecraft:spruce_trapdoor":1,"minecraft:smooth_quartz_stairs":1,"minecraft:furnace":8,"treasure2:cauldron_chest":1,"minecraft:quartz_pillar":1,"minecraft:warped_planks":1,"minecraft:light_blue_bed":2,"minecraft:rotten_flesh":1,"rpgsmw:iron_scythe":2,"minecraft:skeleton_skull":1,"gamma_beasts:red_maple_leaves":1,"minecraft:enchanting_table":1,"simple_weapons:iron_scythe":1,"minecraft:cherry_leaves":1,"minecraft:chiseled_quartz_block":2,"minecraft:red_carpet":1,"minecraft:wheat_seeds":37,"minecraft:warped_stem":1,"minecraft:yellow_stained_glass":1,"minecraft:iron_ingot":64,"expanded_combat:birch_plank_flail":2,"ancient_elements:aero_charge":7,"minecraft:milk_bucket":1,"minecraft:red_wool":1,"minecraft:spruce_sapling":2,"simple_weapons:iron_katana":2,"minecraft:bread":96,"minecraft:oak_sapling":1,"minecraft:coal":128,"minecraft:smooth_quartz_slab":1},"minecraft:mined":{"minecraft:red_wool":1}},"DataVersion":3465}