{"stats":{"minecraft:custom":{"minecraft:jump":590,"minecraft:open_chest":12,"minecraft:time_since_rest":6350,"minecraft:waystone_activated":1,"minecraft:damage_dealt":318,"minecraft:deaths":2,"minecraft:walk_on_water_one_cm":1046,"minecraft:sprint_one_cm":71785,"minecraft:play_time":15086,"minecraft:damage_taken":1050,"minecraft:time_since_death":7045,"minecraft:walk_one_cm":48233,"minecraft:sneak_time":40,"minecraft:trigger_trapped_chest":6,"minecraft:total_world_time":15086,"minecraft:walk_under_water_one_cm":957,"minecraft:swim_one_cm":3379,"minecraft:fall_one_cm":22691,"minecraft:fly_one_cm":173919,"minecraft:crouch_one_cm":48,"minecraft:inspect_hopper":1},"minecraft:used":{"tombstone:gift":1,"minecraft:ender_pearl":2},"minecraft:killed_by":{"ancient_elements:aetherial_glaze":2}},"DataVersion":3465}