{"stats":{"minecraft:custom":{"lootr:looted_stat":13,"minecraft:mob_kills":13,"minecraft:inspect_hopper":1,"minecraft:interact_with_crafting_table":5,"minecraft:damage_dealt_resisted":0,"minecraft:leave_game":1,"minecraft:time_since_death":35314,"minecraft:climb_one_cm":988,"minecraft:time_since_rest":34619,"minecraft:waystone_activated":1,"minecraft:sprint_one_cm":138742,"minecraft:damage_taken":2068,"minecraft:walk_one_cm":175017,"minecraft:trigger_trapped_chest":6,"minecraft:drop":12,"minecraft:damage_dealt":3346,"minecraft:swim_one_cm":16775,"minecraft:fly_one_cm":323856,"minecraft:open_chest":18,"minecraft:crouch_one_cm":22090,"minecraft:play_time":43355,"tombstone:undead_killed":8,"minecraft:deaths":2,"minecraft:sneak_time":2965,"minecraft:walk_under_water_one_cm":6332,"minecraft:jump":1310,"minecraft:walk_on_water_one_cm":10656,"minecraft:total_world_time":43355,"minecraft:interact_with_smoker":1,"minecraft:fall_one_cm":56127},"minecraft:broken":{"minecraft:leather_chestplate":1},"minecraft:used":{"minecraft:writable_book":2,"minecraft:ender_pearl":6,"minecraft:spruce_planks":1,"minecraft:sandstone":1,"minecraft:torch":1,"minecraft:glow_berries":14,"minecraft:dirt":7,"minecraft:sand":2,"minecraft:crafting_table":3,"minecraft:spruce_log":11,"minecraft:spruce_boat":2,"minecraft:wooden_axe":13,"minecraft:iron_axe":30,"minecraft:iron_pickaxe":65,"minecraft:cobblestone":31,"minecraft:cooked_porkchop":2,"minecraft:porkchop":1,"minecraft:birch_log":2,"tombstone:gift":1,"minecraft:cooked_beef":2,"minecraft:iron_leggings":1,"simple_weapons:iron_scythe":67},"minecraft:dropped":{"minecraft:ender_pearl":5,"minecraft:crafting_table":1,"minecraft:soul_lantern":1,"minecraft:rotten_flesh":6,"minecraft:glow_berries":4,"minecraft:stick":2,"minecraft:dirt":2,"minecraft:potato":1,"expanded_combat:iron_arrow":1,"minecraft:spruce_sapling":2},"minecraft:killed":{"mokels_adventure:vyde":1,"minecraft:skeleton":7,"minecraft:zombie":1},"minecraft:crafted":{"minecraft:crafting_table":2,"minecraft:spruce_planks":32,"minecraft:wooden_pickaxe":1,"minecraft:birch_planks":36,"minecraft:iron_axe":1,"minecraft:stick":8,"minecraft:wooden_axe":1,"minecraft:spruce_boat":1},"minecraft:picked_up":{"minecraft:birch_log":11,"minecraft:crafting_table":3,"minecraft:clay_ball":8,"aether:iron_gloves":1,"minecraft:potato":1,"minecraft:filled_map":1,"minecraft:dirt":9,"minecraft:bone":5,"minecraft:cobbled_deepslate":8,"minecraft:iron_ingot":3,"minecraft:iron_sword":1,"minecraft:sandstone":4,"minecraft:torch":5,"minecraft:gravel":2,"minecraft:sand":2,"minecraft:porkchop":1,"ancient_elements:mining_dungarees_leggings":1,"ancient_elements:raw_tin":2,"minecraft:spruce_sapling":2,"minecraft:spruce_log":37,"minecraft:arrow":6,"minecraft:rotten_flesh":12,"mokels_adventure:bloody_tear":1,"minecraft:spruce_boat":2,"minecraft:soul_lantern":1,"minecraft:gold_ingot":2,"minecraft:glow_berries":2,"minecraft:cobblestone":60},"minecraft:mined":{"minecraft:soul_lantern":1,"minecraft:clay":2,"minecraft:crafting_table":3,"minecraft:torch":1,"minecraft:grass_block":2,"minecraft:spruce_leaves":12,"minecraft:sculk":3,"minecraft:sandstone":4,"minecraft:sculk_catalyst":1,"minecraft:birch_log":11,"minecraft:blue_ice":1,"minecraft:spruce_log":37,"minecraft:birch_leaves":1,"ancient_elements:tin_ore":2,"minecraft:sculk_shrieker":1,"minecraft:gravel":2,"minecraft:sand":4,"minecraft:dirt":7,"minecraft:stone":50,"minecraft:deepslate":3},"minecraft:killed_by":{"ancient_elements:aetherial_glaze":2}},"DataVersion":3465}