{"stats":{"minecraft:custom":{"minecraft:jump":125,"minecraft:time_since_rest":369,"minecraft:waystone_activated":1,"minecraft:damage_dealt":175,"minecraft:deaths":1,"minecraft:walk_on_water_one_cm":307,"minecraft:sprint_one_cm":15173,"minecraft:play_time":3086,"minecraft:damage_taken":420,"minecraft:time_since_death":1572,"minecraft:walk_one_cm":8786,"minecraft:total_world_time":3086,"minecraft:walk_under_water_one_cm":588,"minecraft:fall_one_cm":5818,"minecraft:fly_one_cm":36523},"minecraft:used":{"tombstone:gift":1},"minecraft:killed_by":{"ancient_elements:aetherial_glaze":1}},"DataVersion":3465}