{"stats":{"minecraft:custom":{"minecraft:time_since_rest":26238,"minecraft:waystone_activated":1,"minecraft:sprint_one_cm":125875,"lootr:looted_stat":8,"minecraft:damage_taken":1687,"minecraft:walk_one_cm":120543,"minecraft:trigger_trapped_chest":6,"minecraft:mob_kills":1,"minecraft:drop":3,"minecraft:inspect_hopper":1,"minecraft:damage_dealt":463,"minecraft:interact_with_crafting_table":5,"minecraft:swim_one_cm":3379,"minecraft:fly_one_cm":314971,"minecraft:open_chest":18,"minecraft:crouch_one_cm":2104,"minecraft:play_time":34974,"minecraft:deaths":2,"minecraft:sneak_time":739,"minecraft:walk_under_water_one_cm":957,"minecraft:jump":1102,"minecraft:leave_game":1,"minecraft:walk_on_water_one_cm":1312,"minecraft:time_since_death":26933,"minecraft:interact_with_smoker":1,"minecraft:climb_one_cm":988,"minecraft:total_world_time":34974,"minecraft:fall_one_cm":45871},"minecraft:used":{"minecraft:spruce_boat":2,"minecraft:wooden_axe":13,"minecraft:writable_book":2,"minecraft:iron_axe":30,"minecraft:iron_pickaxe":25,"minecraft:ender_pearl":6,"minecraft:spruce_planks":1,"minecraft:sandstone":1,"minecraft:sand":2,"minecraft:dirt":7,"minecraft:crafting_table":3,"minecraft:porkchop":1,"minecraft:birch_log":2,"tombstone:gift":1,"minecraft:cooked_beef":1,"minecraft:spruce_log":11,"simple_weapons:iron_scythe":2,"minecraft:iron_leggings":1},"minecraft:dropped":{"minecraft:ender_pearl":5,"minecraft:crafting_table":1,"minecraft:spruce_sapling":1},"minecraft:crafted":{"minecraft:iron_axe":1,"minecraft:crafting_table":2,"minecraft:spruce_planks":32,"minecraft:stick":8,"minecraft:wooden_pickaxe":1,"minecraft:wooden_axe":1,"minecraft:spruce_boat":1,"minecraft:birch_planks":36},"minecraft:picked_up":{"minecraft:birch_log":11,"minecraft:sandstone":4,"minecraft:crafting_table":3,"minecraft:clay_ball":8,"aether:iron_gloves":1,"minecraft:gravel":2,"minecraft:sand":2,"minecraft:filled_map":1,"minecraft:porkchop":1,"minecraft:spruce_sapling":2,"minecraft:spruce_log":37,"minecraft:dirt":7,"minecraft:spruce_boat":2,"minecraft:iron_sword":1,"minecraft:cobblestone":19},"minecraft:killed_by":{"ancient_elements:aetherial_glaze":2},"minecraft:mined":{"minecraft:birch_log":11,"minecraft:blue_ice":1,"minecraft:spruce_log":37,"minecraft:birch_leaves":1,"minecraft:clay":2,"minecraft:crafting_table":3,"minecraft:grass_block":2,"minecraft:gravel":2,"minecraft:sand":4,"minecraft:dirt":4,"minecraft:spruce_leaves":12,"minecraft:stone":19,"minecraft:sandstone":4}},"DataVersion":3465}