{"stats":{"minecraft:picked_up":{"epicsamurai:kitsune_hide":1,"minecraft:birch_log":11,"minecraft:crafting_table":3,"minecraft:clay_ball":8,"aether:iron_gloves":1,"gamma_beasts:prehnite":9,"minecraft:potato":1,"minecraft:filled_map":1,"minecraft:lily_pad":1,"minecraft:dirt":9,"minecraft:string":1,"minecraft:bone":6,"minecraft:cobbled_deepslate":8,"minecraft:spruce_planks":2,"minecraft:iron_ingot":3,"epicsamurai:raw_silver":2,"minecraft:iron_sword":1,"minecraft:sandstone":4,"minecraft:torch":5,"minecraft:gravel":2,"minecraft:porkchop":1,"minecraft:sand":2,"ancient_elements:mining_dungarees_leggings":1,"ancient_elements:raw_tin":2,"minecraft:spruce_sapling":2,"minecraft:spruce_log":37,"minecraft:arrow":7,"minecraft:rotten_flesh":14,"mokels_adventure:bloody_tear":1,"minecraft:spruce_boat":4,"minecraft:soul_lantern":2,"minecraft:gold_ingot":2,"minecraft:rooted_dirt":10,"minecraft:glow_berries":2,"minecraft:cobblestone":80,"epicsamurai:kitsune_tail":2},"minecraft:broken":{"minecraft:leather_chestplate":1},"minecraft:crafted":{"minecraft:crafting_table":2,"minecraft:spruce_planks":40,"minecraft:wooden_pickaxe":1,"minecraft:birch_planks":36,"minecraft:iron_axe":1,"minecraft:stick":8,"minecraft:wooden_axe":1,"minecraft:spruce_boat":1},"minecraft:killed":{"mokels_adventure:mana_sentinel":1,"mokels_adventure:vyde":1,"minecraft:spider":1,"epicsamurai:kitsune":1,"mokels_adventure:knight":4,"minecraft:skeleton":8,"minecraft:zombie":1},"minecraft:dropped":{"minecraft:cobbled_deepslate":8,"minecraft:ender_pearl":5,"minecraft:diamond":2,"minecraft:crafting_table":1,"minecraft:soul_lantern":1,"minecraft:glow_berries":4,"minecraft:cobblestone":3,"minecraft:rotten_flesh":14,"minecraft:stick":2,"minecraft:dirt":2,"minecraft:potato":1,"mokels_adventure:bloody_tear":1,"minecraft:sandstone":3,"expanded_combat:iron_arrow":1,"minecraft:string":1,"minecraft:lily_pad":1,"minecraft:spruce_sapling":2},"minecraft:killed_by":{"ancient_elements:aetherial_glaze":2,"royalvariations:royal_creeper":1},"minecraft:used":{"minecraft:writable_book":2,"minecraft:ender_pearl":6,"minecraft:spruce_planks":13,"minecraft:sandstone":1,"minecraft:torch":2,"minecraft:glow_berries":14,"minecraft:dirt":7,"minecraft:sand":2,"minecraft:crafting_table":3,"minecraft:spruce_log":11,"minecraft:spruce_boat":4,"minecraft:wooden_axe":13,"minecraft:apple":3,"minecraft:rooted_dirt":10,"minecraft:iron_axe":86,"minecraft:iron_pickaxe":111,"minecraft:cobblestone":77,"minecraft:porkchop":1,"minecraft:cooked_porkchop":2,"minecraft:birch_log":2,"tombstone:gift":1,"minecraft:cooked_beef":5,"simple_weapons:iron_scythe":119,"minecraft:iron_leggings":1},"minecraft:mined":{"minecraft:spruce_planks":2,"minecraft:soul_fire":1,"minecraft:soul_lantern":1,"minecraft:clay":2,"minecraft:crafting_table":3,"minecraft:torch":1,"minecraft:grass_block":2,"minecraft:sculk_sensor":2,"minecraft:cobblestone":1,"minecraft:spruce_leaves":12,"minecraft:sculk":4,"minecraft:sandstone":4,"minecraft:rooted_dirt":12,"gamma_beasts:deepslate_prehnite_ore":9,"minecraft:sculk_catalyst":1,"minecraft:birch_log":11,"minecraft:blue_ice":1,"minecraft:ice":1,"minecraft:spruce_log":37,"minecraft:birch_leaves":1,"ancient_elements:tin_ore":2,"minecraft:sculk_shrieker":3,"biox:aquatic_lichen":1,"epicsamurai:deepslate_silver_ore":2,"minecraft:gravel":2,"minecraft:sand":4,"minecraft:dirt":14,"minecraft:cobweb":2,"minecraft:stone":69,"minecraft:deepslate":10},"minecraft:custom":{"lootr:looted_stat":16,"minecraft:mob_kills":22,"minecraft:inspect_hopper":1,"minecraft:interact_with_crafting_table":5,"minecraft:damage_dealt_resisted":0,"minecraft:leave_game":1,"minecraft:time_since_death":5226,"minecraft:climb_one_cm":988,"minecraft:time_since_rest":5083,"minecraft:waystone_activated":1,"minecraft:sprint_one_cm":189995,"minecraft:damage_taken":2678,"minecraft:walk_one_cm":248486,"minecraft:trigger_trapped_chest":6,"minecraft:drop":21,"minecraft:damage_dealt":6148,"minecraft:swim_one_cm":32551,"minecraft:fly_one_cm":557683,"minecraft:open_chest":18,"minecraft:crouch_one_cm":40235,"minecraft:play_time":52564,"minecraft:sneak_time":4987,"tombstone:undead_killed":9,"minecraft:deaths":3,"minecraft:walk_under_water_one_cm":7769,"minecraft:jump":2155,"minecraft:walk_on_water_one_cm":14966,"minecraft:total_world_time":52564,"minecraft:interact_with_smoker":1,"minecraft:fall_one_cm":91178}},"DataVersion":3465}