{"stats":{"minecraft:custom":{"lootr:looted_stat":13,"minecraft:mob_kills":16,"minecraft:inspect_hopper":1,"minecraft:interact_with_crafting_table":5,"minecraft:damage_dealt_resisted":0,"minecraft:leave_game":1,"minecraft:time_since_death":1396,"minecraft:climb_one_cm":988,"minecraft:time_since_rest":1253,"minecraft:waystone_activated":1,"minecraft:sprint_one_cm":166579,"minecraft:damage_taken":2454,"minecraft:walk_one_cm":220315,"minecraft:trigger_trapped_chest":6,"minecraft:drop":19,"minecraft:damage_dealt":3923,"minecraft:swim_one_cm":32551,"minecraft:fly_one_cm":412837,"minecraft:open_chest":18,"minecraft:crouch_one_cm":39334,"minecraft:play_time":48734,"tombstone:undead_killed":9,"minecraft:deaths":3,"minecraft:sneak_time":4434,"minecraft:walk_under_water_one_cm":7694,"minecraft:jump":1723,"minecraft:walk_on_water_one_cm":13447,"minecraft:total_world_time":48734,"minecraft:interact_with_smoker":1,"minecraft:fall_one_cm":68785},"minecraft:broken":{"minecraft:leather_chestplate":1},"minecraft:used":{"minecraft:writable_book":2,"minecraft:ender_pearl":6,"minecraft:spruce_planks":1,"minecraft:sandstone":1,"minecraft:torch":2,"minecraft:glow_berries":14,"minecraft:dirt":7,"minecraft:sand":2,"minecraft:crafting_table":3,"minecraft:spruce_log":11,"minecraft:spruce_boat":2,"minecraft:wooden_axe":13,"minecraft:iron_axe":38,"minecraft:iron_pickaxe":111,"minecraft:cobblestone":77,"minecraft:cooked_porkchop":2,"minecraft:porkchop":1,"minecraft:birch_log":2,"tombstone:gift":1,"minecraft:cooked_beef":4,"minecraft:iron_leggings":1,"simple_weapons:iron_scythe":77},"minecraft:dropped":{"minecraft:cobbled_deepslate":8,"minecraft:diamond":2,"minecraft:ender_pearl":5,"minecraft:crafting_table":1,"minecraft:soul_lantern":1,"minecraft:cobblestone":3,"minecraft:rotten_flesh":12,"minecraft:glow_berries":4,"minecraft:stick":2,"minecraft:dirt":2,"minecraft:potato":1,"mokels_adventure:bloody_tear":1,"minecraft:sandstone":3,"expanded_combat:iron_arrow":1,"minecraft:string":1,"minecraft:spruce_sapling":2},"minecraft:killed":{"mokels_adventure:vyde":1,"epicsamurai:kitsune":1,"minecraft:skeleton":8,"minecraft:zombie":1},"minecraft:crafted":{"minecraft:crafting_table":2,"minecraft:spruce_planks":32,"minecraft:wooden_pickaxe":1,"minecraft:birch_planks":36,"minecraft:iron_axe":1,"minecraft:stick":8,"minecraft:wooden_axe":1,"minecraft:spruce_boat":1},"minecraft:picked_up":{"epicsamurai:kitsune_hide":1,"minecraft:birch_log":11,"minecraft:crafting_table":3,"minecraft:clay_ball":8,"aether:iron_gloves":1,"gamma_beasts:prehnite":9,"minecraft:potato":1,"minecraft:filled_map":1,"minecraft:string":1,"minecraft:dirt":9,"minecraft:bone":6,"minecraft:cobbled_deepslate":8,"minecraft:iron_ingot":3,"epicsamurai:raw_silver":2,"minecraft:iron_sword":1,"minecraft:sandstone":4,"minecraft:torch":5,"minecraft:gravel":2,"minecraft:sand":2,"minecraft:porkchop":1,"ancient_elements:mining_dungarees_leggings":1,"ancient_elements:raw_tin":2,"minecraft:spruce_sapling":2,"minecraft:spruce_log":37,"minecraft:arrow":7,"minecraft:rotten_flesh":12,"mokels_adventure:bloody_tear":1,"minecraft:spruce_boat":2,"minecraft:soul_lantern":1,"minecraft:gold_ingot":2,"minecraft:rooted_dirt":10,"minecraft:glow_berries":2,"minecraft:cobblestone":80,"epicsamurai:kitsune_tail":2},"minecraft:mined":{"minecraft:soul_fire":1,"minecraft:soul_lantern":1,"minecraft:clay":2,"minecraft:crafting_table":3,"minecraft:torch":1,"minecraft:grass_block":2,"minecraft:sculk_sensor":2,"minecraft:cobblestone":1,"minecraft:spruce_leaves":12,"minecraft:sculk":4,"minecraft:rooted_dirt":12,"minecraft:sandstone":4,"gamma_beasts:deepslate_prehnite_ore":9,"minecraft:sculk_catalyst":1,"minecraft:birch_log":11,"minecraft:ice":1,"minecraft:blue_ice":1,"minecraft:spruce_log":37,"minecraft:birch_leaves":1,"ancient_elements:tin_ore":2,"minecraft:sculk_shrieker":3,"epicsamurai:deepslate_silver_ore":2,"minecraft:gravel":2,"minecraft:sand":4,"minecraft:dirt":14,"minecraft:cobweb":2,"minecraft:stone":69,"minecraft:deepslate":10},"minecraft:killed_by":{"ancient_elements:aetherial_glaze":2,"royalvariations:royal_creeper":1}},"DataVersion":3465}