{"stats":{"minecraft:custom":{"minecraft:time_since_rest":24350,"minecraft:waystone_activated":1,"minecraft:sprint_one_cm":122998,"lootr:looted_stat":8,"minecraft:damage_taken":1687,"minecraft:walk_one_cm":116837,"minecraft:trigger_trapped_chest":6,"minecraft:mob_kills":1,"minecraft:drop":3,"minecraft:inspect_hopper":1,"minecraft:damage_dealt":463,"minecraft:interact_with_crafting_table":3,"minecraft:swim_one_cm":3379,"minecraft:fly_one_cm":303707,"minecraft:open_chest":18,"minecraft:crouch_one_cm":1806,"minecraft:play_time":33086,"minecraft:deaths":2,"minecraft:sneak_time":179,"minecraft:walk_under_water_one_cm":957,"minecraft:jump":1063,"minecraft:walk_on_water_one_cm":1127,"minecraft:time_since_death":25045,"minecraft:interact_with_smoker":1,"minecraft:climb_one_cm":988,"minecraft:total_world_time":33086,"minecraft:fall_one_cm":45035},"minecraft:used":{"minecraft:spruce_boat":2,"minecraft:wooden_axe":13,"minecraft:writable_book":2,"minecraft:iron_pickaxe":1,"minecraft:ender_pearl":6,"minecraft:spruce_planks":1,"minecraft:dirt":7,"minecraft:crafting_table":2,"minecraft:porkchop":1,"minecraft:birch_log":2,"tombstone:gift":1,"minecraft:cooked_beef":1,"simple_weapons:iron_scythe":2,"minecraft:iron_leggings":1},"minecraft:dropped":{"minecraft:ender_pearl":5,"minecraft:crafting_table":1,"minecraft:spruce_sapling":1},"minecraft:crafted":{"minecraft:crafting_table":2,"minecraft:spruce_planks":32,"minecraft:stick":4,"minecraft:wooden_pickaxe":1,"minecraft:wooden_axe":1,"minecraft:spruce_boat":1,"minecraft:birch_planks":36},"minecraft:picked_up":{"minecraft:birch_log":11,"minecraft:crafting_table":2,"aether:iron_gloves":1,"minecraft:filled_map":1,"minecraft:porkchop":1,"minecraft:spruce_sapling":1,"minecraft:spruce_log":8,"minecraft:dirt":7,"minecraft:spruce_boat":1,"minecraft:iron_sword":1},"minecraft:killed_by":{"ancient_elements:aetherial_glaze":2},"minecraft:mined":{"minecraft:birch_log":11,"minecraft:blue_ice":1,"minecraft:spruce_log":8,"minecraft:birch_leaves":1,"minecraft:crafting_table":2,"minecraft:grass_block":2,"minecraft:dirt":4,"minecraft:spruce_leaves":12}},"DataVersion":3465}