{"stats":{"minecraft:custom":{"minecraft:time_since_rest":18350,"minecraft:waystone_activated":1,"minecraft:sprint_one_cm":95269,"lootr:looted_stat":3,"minecraft:damage_taken":1510,"minecraft:walk_one_cm":89059,"minecraft:trigger_trapped_chest":6,"minecraft:drop":1,"minecraft:inspect_hopper":1,"minecraft:damage_dealt":398,"minecraft:interact_with_crafting_table":1,"minecraft:swim_one_cm":3379,"minecraft:fly_one_cm":193161,"minecraft:open_chest":18,"minecraft:crouch_one_cm":1439,"minecraft:play_time":27086,"minecraft:deaths":2,"minecraft:sneak_time":134,"minecraft:walk_under_water_one_cm":957,"minecraft:jump":716,"minecraft:walk_on_water_one_cm":1046,"minecraft:time_since_death":19045,"minecraft:total_world_time":27086,"minecraft:fall_one_cm":28513},"minecraft:used":{"minecraft:wooden_axe":12,"minecraft:writable_book":2,"minecraft:ender_pearl":6,"minecraft:spruce_planks":1,"minecraft:dirt":5,"minecraft:crafting_table":1,"minecraft:birch_log":2,"tombstone:gift":1,"simple_weapons:iron_scythe":1,"minecraft:iron_leggings":1},"minecraft:dropped":{"minecraft:ender_pearl":5},"minecraft:crafted":{"minecraft:crafting_table":1,"minecraft:spruce_planks":32,"minecraft:stick":4,"minecraft:wooden_pickaxe":1,"minecraft:wooden_axe":1,"minecraft:birch_planks":36},"minecraft:picked_up":{"minecraft:birch_log":11,"minecraft:crafting_table":1,"aether:iron_gloves":1,"minecraft:spruce_sapling":1,"minecraft:spruce_log":8,"minecraft:dirt":5},"minecraft:killed_by":{"ancient_elements:aetherial_glaze":2},"minecraft:mined":{"minecraft:birch_log":11,"minecraft:spruce_log":8,"minecraft:birch_leaves":1,"minecraft:crafting_table":1,"minecraft:grass_block":1,"minecraft:dirt":3,"minecraft:spruce_leaves":12}},"DataVersion":3465}