{"stats":{"minecraft:custom":{"minecraft:interact_with_smithing_table":2,"lootr:looted_stat":11,"minecraft:interact_with_furnace":7,"minecraft:mob_kills":19,"minecraft:interact_with_anvil":1,"minecraft:inspect_hopper":2,"minecraft:interact_with_crafting_table":7,"minecraft:damage_dealt_resisted":0,"minecraft:leave_game":1,"minecraft:time_since_death":45210,"minecraft:climb_one_cm":291,"minecraft:time_since_rest":45210,"minecraft:waystone_activated":1,"minecraft:sprint_one_cm":256024,"minecraft:damage_taken":1060,"minecraft:walk_one_cm":228114,"minecraft:trigger_trapped_chest":5,"minecraft:drop":39,"minecraft:damage_dealt":2462,"minecraft:swim_one_cm":9250,"minecraft:talked_to_villager":1,"minecraft:fly_one_cm":318227,"minecraft:open_chest":18,"minecraft:crouch_one_cm":6117,"minecraft:play_time":45210,"tombstone:undead_killed":7,"minecraft:sneak_time":923,"minecraft:walk_under_water_one_cm":1517,"minecraft:jump":1648,"minecraft:walk_on_water_one_cm":6547,"minecraft:total_world_time":45210,"minecraft:fall_one_cm":67916},"minecraft:used":{"minecraft:stone_pickaxe":73,"minecraft:wooden_pickaxe":9,"minecraft:iron_sword":15,"minecraft:glow_berries":10,"minecraft:torch":6,"minecraft:dirt":7,"minecraft:crafting_table":2,"minecraft:allium":1,"simple_weapons:stone_scythe":1,"minecraft:wooden_axe":1,"minecraft:diamond_pickaxe":11,"minecraft:iron_axe":1,"minecraft:bread":15,"minecraft:rooted_dirt":2,"minecraft:light_blue_bed":1,"minecraft:stone_axe":13,"minecraft:cobblestone":38,"simple_weapons:stone_spear":43},"minecraft:dropped":{"minecraft:clay":5,"minecraft:stone_axe":1,"minecraft:sugar_cane":4,"minecraft:wheat_seeds":1,"simple_weapons:stone_scythe":1,"minecraft:raw_copper":64,"gamma_beasts:coal_nugget":4,"minecraft:rotten_flesh":1,"minecraft:clay_ball":3,"simple_weapons:stone_spear":1,"ancient_elements:raw_lead":1,"minecraft:explorer_pottery_sherd":1,"minecraft:burn_pottery_sherd":1,"minecraft:coal":18,"ancient_elements:raw_tin":4,"minecraft:music_disc_13":2,"minecraft:filled_map":1,"minecraft:gray_wool":1,"minecraft:gunpowder":7,"minecraft:howl_pottery_sherd":1,"minecraft:wooden_axe":1,"minecraft:arms_up_pottery_sherd":1,"minecraft:arrow":3,"minecraft:stone_pickaxe":1,"minecraft:wooden_pickaxe":1,"minecraft:black_wool":1,"minecraft:smooth_basalt":4},"minecraft:killed":{"minecraft:pig":5,"minecraft:sheep":5,"minecraft:skeleton":6,"minecraft:zombie":1},"minecraft:crafted":{"minecraft:oak_planks":20,"minecraft:raw_iron":9,"minecraft:crafting_table":1,"simple_weapons:stone_scythe":1,"minecraft:spruce_planks":44,"minecraft:wooden_pickaxe":1,"minecraft:stone_axe":1,"minecraft:stick":60,"minecraft:stone_pickaxe":1,"minecraft:wooden_axe":1,"minecraft:torch":12},"minecraft:picked_up":{"minecraft:allium":1,"minecraft:crafting_table":2,"minecraft:clay_ball":1,"minecraft:burn_pottery_sherd":1,"gamma_beasts:prehnite":5,"ancient_elements:raw_lead":1,"minecraft:oak_log":5,"minecraft:amethyst_block":6,"minecraft:dirt":7,"minecraft:explorer_pottery_sherd":1,"minecraft:bone":8,"dungeonnowloading:spawner_fragment":11,"minecraft:wheat_seeds":1,"minecraft:spruce_planks":1,"minecraft:stone_pickaxe":1,"minecraft:sugar_cane":4,"minecraft:arms_up_pottery_sherd":1,"minecraft:smooth_basalt":4,"minecraft:torch":1,"minecraft:porkchop":12,"ancient_elements:raw_tin":4,"minecraft:spruce_log":11,"minecraft:light_blue_bed":1,"minecraft:howl_pottery_sherd":1,"minecraft:arrow":3,"gamma_beasts:coal_nugget":4,"minecraft:gray_wool":1,"minecraft:rooted_dirt":2,"minecraft:black_wool":1,"minecraft:glow_berries":3,"minecraft:mutton":8,"minecraft:coal":17,"minecraft:white_wool":3,"minecraft:cobblestone":50},"minecraft:mined":{"minecraft:spruce_planks":1,"ancient_elements:lead_ore":1,"minecraft:soul_fire":1,"minecraft:crafting_table":2,"minecraft:torch":1,"minecraft:cave_vines_plant":1,"minecraft:budding_amethyst":1,"minecraft:calcite":1,"minecraft:grass_block":5,"minecraft:decorated_pot":1,"minecraft:sculk_sensor":1,"minecraft:spruce_leaves":1,"minecraft:sugar_cane":2,"minecraft:rooted_dirt":4,"minecraft:wall_torch":1,"minecraft:amethyst_block":6,"minecraft:spawner":4,"minecraft:light_blue_bed":1,"minecraft:ice":1,"minecraft:blue_ice":3,"gamma_beasts:prehnite_ore":6,"minecraft:spruce_log":11,"ancient_elements:tin_ore":3,"minecraft:grass":1,"minecraft:oak_log":5,"minecraft:coal_ore":17,"minecraft:cave_vines":3,"minecraft:dirt":2,"minecraft:smooth_basalt":4,"minecraft:stone_bricks":1,"minecraft:stone":35}},"DataVersion":3465}