{"stats":{"minecraft:custom":{"minecraft:interact_with_smithing_table":2,"minecraft:interact_with_furnace":7,"lootr:looted_stat":5,"minecraft:mob_kills":11,"minecraft:interact_with_anvil":1,"minecraft:inspect_hopper":2,"minecraft:interact_with_crafting_table":7,"minecraft:time_since_death":35867,"minecraft:climb_one_cm":267,"minecraft:time_since_rest":35867,"minecraft:waystone_activated":1,"minecraft:sprint_one_cm":170250,"minecraft:damage_taken":670,"minecraft:walk_one_cm":139402,"minecraft:trigger_trapped_chest":5,"minecraft:drop":8,"minecraft:damage_dealt":951,"minecraft:swim_one_cm":493,"minecraft:talked_to_villager":1,"minecraft:fly_one_cm":210222,"minecraft:open_chest":12,"minecraft:crouch_one_cm":4259,"minecraft:play_time":35867,"minecraft:sneak_time":721,"minecraft:walk_under_water_one_cm":639,"minecraft:jump":997,"minecraft:walk_on_water_one_cm":2119,"minecraft:total_world_time":35867,"minecraft:fall_one_cm":50578},"minecraft:used":{"minecraft:stone_pickaxe":26,"minecraft:wooden_pickaxe":9,"minecraft:torch":1,"minecraft:dirt":7,"minecraft:crafting_table":2,"minecraft:allium":1,"simple_weapons:stone_scythe":1,"minecraft:wooden_axe":1,"minecraft:iron_axe":1,"minecraft:bread":7,"minecraft:rooted_dirt":2,"minecraft:stone_axe":13,"minecraft:cobblestone":16,"simple_weapons:stone_spear":23},"minecraft:dropped":{"minecraft:stone_axe":1,"minecraft:wheat_seeds":1,"simple_weapons:stone_scythe":1,"minecraft:rotten_flesh":1,"ancient_elements:raw_tin":2,"minecraft:wooden_axe":1,"minecraft:wooden_pickaxe":1},"minecraft:killed":{"minecraft:pig":5,"minecraft:sheep":5},"minecraft:crafted":{"minecraft:oak_planks":20,"simple_weapons:stone_scythe":1,"minecraft:crafting_table":1,"minecraft:spruce_planks":44,"minecraft:wooden_pickaxe":1,"minecraft:stone_axe":1,"minecraft:stick":60,"minecraft:stone_pickaxe":1,"minecraft:wooden_axe":1,"minecraft:torch":12},"minecraft:picked_up":{"minecraft:crafting_table":2,"minecraft:allium":1,"minecraft:burn_pottery_sherd":1,"minecraft:oak_log":5,"minecraft:dirt":7,"minecraft:explorer_pottery_sherd":1,"dungeonnowloading:spawner_fragment":4,"minecraft:wheat_seeds":1,"minecraft:spruce_planks":1,"minecraft:sugar_cane":4,"minecraft:arms_up_pottery_sherd":1,"minecraft:porkchop":12,"ancient_elements:raw_tin":2,"minecraft:spruce_log":11,"minecraft:howl_pottery_sherd":1,"minecraft:gray_wool":1,"minecraft:rooted_dirt":2,"minecraft:black_wool":1,"minecraft:glow_berries":3,"minecraft:mutton":8,"minecraft:white_wool":3,"minecraft:cobblestone":43},"minecraft:mined":{"minecraft:spruce_planks":1,"minecraft:crafting_table":2,"minecraft:cave_vines_plant":1,"minecraft:grass_block":5,"minecraft:decorated_pot":1,"minecraft:spruce_leaves":1,"minecraft:sugar_cane":2,"minecraft:rooted_dirt":4,"minecraft:spawner":1,"minecraft:blue_ice":1,"minecraft:spruce_log":11,"ancient_elements:tin_ore":3,"minecraft:grass":1,"minecraft:oak_log":5,"minecraft:cave_vines":1,"minecraft:dirt":2,"minecraft:stone":24}},"DataVersion":3465}