{"stats":{"minecraft:custom":{"minecraft:jump":71,"minecraft:open_chest":2,"minecraft:time_since_rest":5867,"minecraft:waystone_activated":1,"minecraft:crouch_one_cm":443,"minecraft:sprint_one_cm":21427,"minecraft:walk_on_water_one_cm":1599,"minecraft:play_time":5867,"minecraft:damage_taken":210,"minecraft:time_since_death":5867,"minecraft:walk_one_cm":22501,"minecraft:sneak_time":89,"minecraft:total_world_time":5867,"minecraft:walk_under_water_one_cm":576,"minecraft:swim_one_cm":104,"minecraft:fall_one_cm":2845,"minecraft:fly_one_cm":14099},"minecraft:used":{"minecraft:bread":3}},"DataVersion":3465}