{"stats":{"minecraft:custom":{"minecraft:time_since_rest":29867,"minecraft:interact_with_smithing_table":2,"lootr:looted_stat":3,"minecraft:waystone_activated":1,"minecraft:sprint_one_cm":125270,"minecraft:interact_with_furnace":7,"minecraft:damage_taken":520,"minecraft:walk_one_cm":106121,"minecraft:trigger_trapped_chest":5,"minecraft:interact_with_anvil":1,"minecraft:mob_kills":1,"minecraft:drop":3,"minecraft:inspect_hopper":2,"minecraft:damage_dealt":50,"minecraft:talked_to_villager":1,"minecraft:swim_one_cm":493,"minecraft:interact_with_crafting_table":7,"minecraft:fly_one_cm":89442,"minecraft:open_chest":12,"minecraft:crouch_one_cm":1057,"minecraft:play_time":29867,"minecraft:sneak_time":430,"minecraft:walk_under_water_one_cm":639,"minecraft:jump":648,"minecraft:walk_on_water_one_cm":1929,"minecraft:time_since_death":29867,"minecraft:total_world_time":29867,"minecraft:fall_one_cm":32408},"minecraft:used":{"minecraft:wooden_axe":1,"minecraft:bread":6,"minecraft:stone_pickaxe":13,"minecraft:wooden_pickaxe":9,"minecraft:stone_axe":13,"minecraft:dirt":7,"minecraft:crafting_table":2,"minecraft:allium":1,"simple_weapons:stone_scythe":1},"minecraft:dropped":{"minecraft:wheat_seeds":1,"minecraft:wooden_axe":1,"minecraft:wooden_pickaxe":1},"minecraft:crafted":{"minecraft:oak_planks":20,"minecraft:crafting_table":1,"simple_weapons:stone_scythe":1,"minecraft:spruce_planks":44,"minecraft:stick":60,"minecraft:wooden_pickaxe":1,"minecraft:stone_pickaxe":1,"minecraft:wooden_axe":1,"minecraft:stone_axe":1},"minecraft:picked_up":{"minecraft:allium":1,"minecraft:crafting_table":2,"minecraft:oak_log":5,"minecraft:spruce_log":11,"minecraft:dirt":7,"minecraft:wheat_seeds":1,"minecraft:cobblestone":41},"minecraft:mined":{"minecraft:spruce_log":11,"minecraft:crafting_table":2,"minecraft:grass":1,"minecraft:grass_block":5,"minecraft:oak_log":5,"minecraft:dirt":2,"minecraft:spruce_leaves":1,"minecraft:stone":20}},"DataVersion":3465}