{"stats":{"minecraft:picked_up":{"minecraft:crafting_table":3,"minecraft:allium":1,"minecraft:clay_ball":1,"minecraft:burn_pottery_sherd":1,"gamma_beasts:prehnite":5,"minecraft:gold_block":1,"ancient_elements:raw_lead":1,"minecraft:oak_log":5,"minecraft:amethyst_block":6,"minecraft:dirt":9,"minecraft:string":3,"minecraft:explorer_pottery_sherd":1,"minecraft:bone":10,"dungeonnowloading:spawner_fragment":11,"minecraft:wheat_seeds":1,"minecraft:spruce_planks":1,"minecraft:stone_pickaxe":2,"minecraft:iron_nugget":28,"minecraft:sugar_cane":4,"minecraft:arms_up_pottery_sherd":1,"minecraft:raw_iron":16,"minecraft:smooth_basalt":4,"minecraft:torch":1,"minecraft:porkchop":12,"ancient_elements:raw_tin":4,"minecraft:spruce_log":11,"minecraft:light_blue_bed":2,"minecraft:howl_pottery_sherd":1,"minecraft:arrow":3,"gamma_beasts:coal_nugget":4,"minecraft:gray_wool":1,"minecraft:bread":1,"minecraft:rooted_dirt":2,"minecraft:obsidian":4,"minecraft:black_wool":1,"minecraft:glow_berries":3,"minecraft:mutton":8,"minecraft:coal":17,"minecraft:white_wool":3,"minecraft:cobblestone":65},"minecraft:crafted":{"minecraft:oak_planks":20,"minecraft:raw_iron":9,"minecraft:crafting_table":1,"simple_weapons:stone_scythe":1,"minecraft:spruce_planks":44,"minecraft:wooden_pickaxe":1,"minecraft:stone_axe":1,"minecraft:stick":60,"minecraft:iron_ingot":7,"minecraft:stone_pickaxe":1,"minecraft:wooden_axe":1,"minecraft:gold_ingot":9,"minecraft:torch":24},"minecraft:killed":{"minecraft:pig":5,"minecraft:spider":4,"minecraft:sheep":5,"minecraft:skeleton":6,"minecraft:zombie":1,"mokels_adventure:cultist":1},"minecraft:dropped":{"minecraft:bread":1,"minecraft:clay":5,"minecraft:stone_axe":1,"minecraft:sugar_cane":4,"minecraft:wheat_seeds":1,"minecraft:iron_nugget":57,"simple_weapons:stone_scythe":1,"minecraft:raw_copper":64,"gamma_beasts:coal_nugget":4,"minecraft:raw_iron":32,"minecraft:rotten_flesh":1,"minecraft:clay_ball":3,"simple_weapons:stone_spear":1,"minecraft:amethyst_block":6,"ancient_elements:raw_lead":1,"minecraft:explorer_pottery_sherd":1,"minecraft:burn_pottery_sherd":1,"minecraft:coal":18,"ancient_elements:raw_tin":4,"minecraft:music_disc_13":2,"minecraft:filled_map":1,"minecraft:dirt":1,"minecraft:gray_wool":1,"minecraft:gunpowder":7,"minecraft:mutton":8,"minecraft:howl_pottery_sherd":1,"minecraft:wooden_axe":1,"minecraft:arms_up_pottery_sherd":1,"minecraft:gold_nugget":6,"minecraft:arrow":3,"minecraft:wooden_pickaxe":1,"minecraft:stone_pickaxe":2,"minecraft:black_wool":1,"minecraft:smooth_basalt":4},"minecraft:used":{"minecraft:stone_pickaxe":108,"minecraft:spruce_planks":12,"minecraft:wooden_pickaxe":9,"minecraft:iron_sword":39,"minecraft:torch":6,"minecraft:glow_berries":10,"minecraft:dirt":8,"minecraft:crafting_table":3,"minecraft:allium":1,"simple_weapons:stone_scythe":1,"minecraft:wooden_axe":1,"minecraft:diamond_pickaxe":17,"minecraft:bread":27,"minecraft:iron_axe":3,"minecraft:rooted_dirt":2,"tombstone:grave_key":3,"minecraft:light_blue_bed":2,"minecraft:diamond_ore":1,"minecraft:stone_axe":13,"minecraft:cobblestone":55,"simple_weapons:stone_spear":43},"minecraft:mined":{"minecraft:podzol":1,"minecraft:spruce_planks":1,"ancient_elements:lead_ore":1,"minecraft:soul_fire":1,"minecraft:obsidian":4,"minecraft:crafting_table":3,"minecraft:torch":1,"minecraft:cave_vines_plant":1,"minecraft:budding_amethyst":1,"minecraft:calcite":1,"minecraft:grass_block":6,"minecraft:decorated_pot":1,"minecraft:sculk_sensor":1,"minecraft:spruce_leaves":2,"minecraft:sugar_cane":2,"minecraft:rooted_dirt":4,"minecraft:wall_torch":1,"minecraft:amethyst_block":6,"minecraft:spawner":6,"minecraft:magma_block":1,"minecraft:light_blue_bed":2,"minecraft:ice":1,"minecraft:blue_ice":18,"minecraft:spruce_log":11,"gamma_beasts:prehnite_ore":6,"ancient_elements:tin_ore":3,"minecraft:grass":1,"minecraft:coal_ore":17,"minecraft:oak_log":5,"minecraft:cave_vines":3,"minecraft:dirt":5,"minecraft:smooth_basalt":4,"minecraft:stone":51,"minecraft:stone_bricks":1},"minecraft:custom":{"minecraft:interact_with_smithing_table":2,"minecraft:interact_with_furnace":7,"lootr:looted_stat":12,"minecraft:interact_with_anvil":1,"minecraft:mob_kills":24,"minecraft:inspect_hopper":2,"minecraft:interact_with_crafting_table":9,"minecraft:open_barrel":1,"minecraft:damage_dealt_resisted":0,"minecraft:leave_game":2,"minecraft:time_since_death":5741,"minecraft:sleep_in_bed":1,"minecraft:climb_one_cm":1163,"minecraft:time_since_rest":5133,"minecraft:waystone_activated":1,"minecraft:sprint_one_cm":344673,"minecraft:damage_taken":2010,"minecraft:walk_one_cm":303126,"minecraft:trigger_trapped_chest":7,"minecraft:drop":49,"minecraft:damage_dealt":3502,"minecraft:swim_one_cm":22967,"minecraft:talked_to_villager":1,"minecraft:fly_one_cm":538659,"minecraft:open_chest":21,"minecraft:play_time":54619,"minecraft:crouch_one_cm":11872,"tombstone:undead_killed":8,"minecraft:deaths":1,"minecraft:sneak_time":1505,"minecraft:walk_under_water_one_cm":4018,"minecraft:jump":2503,"minecraft:walk_on_water_one_cm":11922,"minecraft:total_world_time":54619,"minecraft:fall_one_cm":100976}},"DataVersion":3465}