{"stats":{"minecraft:custom":{"minecraft:time_since_rest":17867,"minecraft:open_chest":2,"minecraft:waystone_activated":1,"minecraft:crouch_one_cm":643,"minecraft:play_time":17867,"minecraft:interact_with_furnace":6,"minecraft:sprint_one_cm":100255,"minecraft:damage_taken":450,"minecraft:walk_one_cm":64389,"minecraft:sneak_time":319,"minecraft:trigger_trapped_chest":5,"minecraft:walk_under_water_one_cm":576,"minecraft:jump":375,"minecraft:inspect_hopper":2,"minecraft:time_since_death":17867,"minecraft:walk_on_water_one_cm":1599,"minecraft:total_world_time":17867,"minecraft:swim_one_cm":104,"minecraft:talked_to_villager":1,"minecraft:fall_one_cm":18744,"minecraft:fly_one_cm":77424},"minecraft:used":{"minecraft:bread":6},"minecraft:picked_up":{"minecraft:oak_log":5},"minecraft:crafted":{"minecraft:oak_planks":20,"minecraft:crafting_table":1,"minecraft:stick":4},"minecraft:mined":{"minecraft:oak_log":5}},"DataVersion":3465}