{
  "infinity_cave:technical/armor/leggings": {
    "criteria": {
      "empty": "2024-07-05 16:11:52 +0000"
    },
    "done": true
  },
  "smallships:recipes/transportation/bamboo_galley": {
    "criteria": {
      "in_water": "2024-07-05 16:12:10 +0000"
    },
    "done": true
  },
  "smallships:recipes/transportation/spruce_cog": {
    "criteria": {
      "in_water": "2024-07-05 16:12:10 +0000"
    },
    "done": true
  },
  "smallships:recipes/transportation/acacia_cog": {
    "criteria": {
      "in_water": "2024-07-05 16:12:10 +0000"
    },
    "done": true
  },
  "ancient_elements:ancient_elements": {
    "criteria": {
      "ancient_elements": "2024-07-05 16:11:52 +0000"
    },
    "done": true
  },
  "minecraft:recipes/tools/golden_axe": {
    "criteria": {
      "has_gold_ingot": "2024-07-05 16:23:06 +0000"
    },
    "done": true
  },
  "expanded_combat:recipes/combat/gold_great_hammer_conditional_shaped": {
    "criteria": {
      "has_item": "2024-07-05 16:23:06 +0000"
    },
    "done": true
  },
  "minecraft:recipes/tools/golden_pickaxe": {
    "criteria": {
      "has_gold_ingot": "2024-07-05 16:23:06 +0000"
    },
    "done": true
  },
  "aether:recipes/transportation/skyroot_boat": {
    "criteria": {
      "in_water": "2024-07-05 16:12:10 +0000"
    },
    "done": true
  },
  "minecraft:recipes/misc/gold_nugget": {
    "criteria": {
      "has_gold_ingot": "2024-07-05 16:23:06 +0000"
    },
    "done": true
  },
  "minecraft:recipes/tools/golden_shovel": {
    "criteria": {
      "has_gold_ingot": "2024-07-05 16:23:06 +0000"
    },
    "done": true
  },
  "infinity_cave:mechanics/weapons/sonic_bow/tick": {
    "criteria": {
      "requirement": "2024-07-05 16:11:52 +0000"
    },
    "done": true
  },
  "minecraft:recipes/food/golden_apple": {
    "criteria": {
      "has_gold_ingot": "2024-07-05 16:23:06 +0000"
    },
    "done": true
  },
  "minecraft:recipes/combat/golden_boots": {
    "criteria": {
      "has_gold_ingot": "2024-07-05 16:23:06 +0000"
    },
    "done": true
  },
  "sgjourney:recipes/misc/fire_pit": {
    "criteria": {
      "has_coal": "2024-07-05 16:15:42 +0000"
    },
    "done": true
  },
  "undergarden:undergarden/root": {
    "criteria": {
      "tick": "2024-07-05 16:11:52 +0000"
    },
    "done": true
  },
  "stellarity:cursed_tome/root": {
    "criteria": {
      "requirement": "2024-07-05 16:11:52 +0000"
    },
    "done": true
  },
  "smallships:recipes/transportation/jungle_cog": {
    "criteria": {
      "in_water": "2024-07-05 16:12:10 +0000"
    },
    "done": true
  },
  "smallships:recipes/transportation/dark_oak_brigg": {
    "criteria": {
      "in_water": "2024-07-05 16:12:10 +0000"
    },
    "done": true
  },
  "undergarden:recipes/transportation/grongle_boat": {
    "criteria": {
      "in_water": "2024-07-05 16:12:10 +0000"
    },
    "done": true
  },
  "minecraft:recipes/decorations/crafting_table": {
    "criteria": {
      "unlock_right_away": "2024-07-05 16:11:52 +0000"
    },
    "done": true
  },
  "smallships:recipes/transportation/birch_galley": {
    "criteria": {
      "in_water": "2024-07-05 16:12:10 +0000"
    },
    "done": true
  },
  "minecraft:recipes/transportation/cherry_boat": {
    "criteria": {
      "in_water": "2024-07-05 16:12:10 +0000"
    },
    "done": true
  },
  "minecraft:recipes/combat/golden_chestplate": {
    "criteria": {
      "has_gold_ingot": "2024-07-05 16:23:06 +0000"
    },
    "done": true
  },
  "smallships:recipes/transportation/oak_drakkar": {
    "criteria": {
      "in_water": "2024-07-05 16:12:10 +0000"
    },
    "done": true
  },
  "minecraft:recipes/transportation/bamboo_raft": {
    "criteria": {
      "in_water": "2024-07-05 16:12:10 +0000"
    },
    "done": true
  },
  "smallships:recipes/transportation/mangrove_brigg": {
    "criteria": {
      "in_water": "2024-07-05 16:12:10 +0000"
    },
    "done": true
  },
  "tombstone:adventure/cancel_ghostly_shape": {
    "criteria": {
      "coded_trigger": "2024-07-05 16:23:55 +0000"
    },
    "done": true
  },
  "smallships:recipes/transportation/jungle_brigg": {
    "criteria": {
      "in_water": "2024-07-05 16:12:10 +0000"
    },
    "done": true
  },
  "expanded_combat:recipes/combat/gold_broad_sword_conditional_shaped": {
    "criteria": {
      "has_item": "2024-07-05 16:23:06 +0000"
    },
    "done": true
  },
  "minecraft:recipes/redstone/light_weighted_pressure_plate": {
    "criteria": {
      "has_gold_ingot": "2024-07-05 16:23:06 +0000"
    },
    "done": true
  },
  "smallships:recipes/transportation/spruce_galley": {
    "criteria": {
      "in_water": "2024-07-05 16:12:10 +0000"
    },
    "done": true
  },
  "smallships:recipes/transportation/birch_cog": {
    "criteria": {
      "in_water": "2024-07-05 16:12:10 +0000"
    },
    "done": true
  },
  "expanded_combat:recipes/combat/gold_katana_conditional_shaped": {
    "criteria": {
      "has_item": "2024-07-05 16:23:06 +0000"
    },
    "done": true
  },
  "expanded_combat:recipes/combat/gold_sickle_conditional_shaped": {
    "criteria": {
      "has_item": "2024-07-05 16:23:06 +0000"
    },
    "done": true
  },
  "aether:recipes/combat/golden_ring": {
    "criteria": {
      "has_gold_ingot": "2024-07-05 16:23:06 +0000"
    },
    "done": true
  },
  "stellarity:dragons_den/cursed_tome/root": {
    "criteria": {
      "requirement": "2024-07-05 16:11:52 +0000"
    },
    "done": true
  },
  "smallships:recipes/transportation/mangrove_drakkar": {
    "criteria": {
      "in_water": "2024-07-05 16:12:10 +0000"
    },
    "done": true
  },
  "expanded_combat:recipes/combat/gold_bow_conditional_120_smithing": {
    "criteria": {
      "has_item": "2024-07-05 16:23:06 +0000"
    },
    "done": true
  },
  "smallships:recipes/misc/sail": {
    "criteria": {
      "in_water": "2024-07-05 16:12:10 +0000"
    },
    "done": true
  },
  "stellarity:events/on_death": {
    "criteria": {
      "requirement": "2024-07-05 16:23:28 +0000"
    },
    "done": true
  },
  "dungeons_arise:wda_root": {
    "criteria": {
      "WDA": "2024-07-05 16:11:52 +0000"
    },
    "done": true
  },
  "minecraft:recipes/decorations/campfire": {
    "criteria": {
      "has_coal": "2024-07-05 16:15:42 +0000"
    },
    "done": true
  },
  "expanded_combat:recipes/combat/gold_bow_conditional_shaped": {
    "criteria": {
      "has_item": "2024-07-05 16:23:06 +0000"
    },
    "done": true
  },
  "infinite_abyss:logged_in": {
    "criteria": {
      "logged_in": "2024-07-05 16:11:52 +0000"
    },
    "done": true
  },
  "expanded_combat:recipes/combat/gold_glaive_conditional_shaped": {
    "criteria": {
      "has_item": "2024-07-05 16:23:06 +0000"
    },
    "done": true
  },
  "infinity_cave:technical/armor/helmet": {
    "criteria": {
      "empty": "2024-07-05 16:11:52 +0000"
    },
    "done": true
  },
  "infinity_cave:technical/armor/boots": {
    "criteria": {
      "empty": "2024-07-05 16:11:52 +0000"
    },
    "done": true
  },
  "minecraft:recipes/combat/golden_sword": {
    "criteria": {
      "has_gold_ingot": "2024-07-05 16:23:06 +0000"
    },
    "done": true
  },
  "smallships:recipes/transportation/acacia_galley": {
    "criteria": {
      "in_water": "2024-07-05 16:12:10 +0000"
    },
    "done": true
  },
  "minecraft:recipes/building_blocks/gold_block": {
    "criteria": {
      "has_gold_ingot": "2024-07-05 16:23:06 +0000"
    },
    "done": true
  },
  "minecraft:recipes/transportation/acacia_boat": {
    "criteria": {
      "in_water": "2024-07-05 16:12:10 +0000"
    },
    "done": true
  },
  "minecraft:adventure/root": {
    "criteria": {
      "killed_by_something": "2024-07-05 16:23:28 +0000"
    },
    "done": true
  },
  "expanded_combat:recipes/combat/gold_gauntlet_conditional_shaped": {
    "criteria": {
      "has_item": "2024-07-05 16:23:06 +0000"
    },
    "done": true
  },
  "expanded_combat:recipes/combat/gold_mace_conditional_shaped": {
    "criteria": {
      "has_item": "2024-07-05 16:23:06 +0000"
    },
    "done": true
  },
  "infinity_cave:mechanics/altar/tick": {
    "criteria": {
      "requirement": "2024-07-05 16:11:52 +0000"
    },
    "done": true
  },
  "expanded_combat:recipes/combat/gold_flail_conditional_shaped": {
    "criteria": {
      "has_item": "2024-07-05 16:23:06 +0000"
    },
    "done": true
  },
  "tombstone:recipes/from_grave_dust": {
    "criteria": {
      "has_ingredient": "2024-07-05 16:24:25 +0000"
    },
    "done": true
  },
  "smallships:recipes/transportation/jungle_galley": {
    "criteria": {
      "in_water": "2024-07-05 16:12:10 +0000"
    },
    "done": true
  },
  "smallships:recipes/transportation/dark_oak_galley": {
    "criteria": {
      "in_water": "2024-07-05 16:12:10 +0000"
    },
    "done": true
  },
  "smallships:recipes/transportation/bamboo_brigg": {
    "criteria": {
      "in_water": "2024-07-05 16:12:10 +0000"
    },
    "done": true
  },
  "smallships:recipes/transportation/spruce_drakkar": {
    "criteria": {
      "in_water": "2024-07-05 16:12:10 +0000"
    },
    "done": true
  },
  "tombstone:adventure/root": {
    "criteria": {
      "auto": "2024-07-05 16:11:55 +0000"
    },
    "done": true
  },
  "infinity_cave:load": {
    "criteria": {
      "requirement": "2024-07-05 16:11:52 +0000"
    },
    "done": true
  },
  "rpgsmw:ranger_class": {
    "criteria": {
      "ranger_class_0": "2024-07-05 16:18:20 +0000"
    },
    "done": true
  },
  "minecraft:recipes/transportation/jungle_boat": {
    "criteria": {
      "in_water": "2024-07-05 16:12:10 +0000"
    },
    "done": true
  },
  "twilightforest:recipes/transportation/twilight_oak_boat": {
    "criteria": {
      "in_water": "2024-07-05 16:12:10 +0000"
    },
    "done": true
  },
  "twilightforest:recipes/transportation/time_boat": {
    "criteria": {
      "in_water": "2024-07-05 16:12:10 +0000"
    },
    "done": true
  },
  "twilightforest:recipes/transportation/mining_boat": {
    "criteria": {
      "in_water": "2024-07-05 16:12:10 +0000"
    },
    "done": true
  },
  "smallships:recipes/transportation/oak_brigg": {
    "criteria": {
      "in_water": "2024-07-05 16:12:10 +0000"
    },
    "done": true
  },
  "smallships:recipes/transportation/bamboo_cog": {
    "criteria": {
      "in_water": "2024-07-05 16:12:10 +0000"
    },
    "done": true
  },
  "infinity_cave:technical/hit_match/entity_hurt_player": {
    "criteria": {
      "requirement": "2024-07-05 16:12:47 +0000"
    },
    "done": true
  },
  "undergarden:recipes/tools/catalyst": {
    "criteria": {
      "has_gold": "2024-07-05 16:23:06 +0000"
    },
    "done": true
  },
  "expanded_combat:recipes/combat/gold_quiver_conditional_shaped": {
    "criteria": {
      "has_item": "2024-07-05 16:23:06 +0000"
    },
    "done": true
  },
  "mokels_weaponry:advancement_spawn_in": {
    "criteria": {
      "advancement_spawn_in": "2024-07-05 16:11:52 +0000"
    },
    "done": true
  },
  "blue_skies:recipes/building_blocks/food_prep_table": {
    "criteria": {
      "has_item": "2024-07-05 16:15:42 +0000"
    },
    "done": true
  },
  "expanded_combat:recipes/combat/gold_spear_conditional_shaped": {
    "criteria": {
      "has_item": "2024-07-05 16:23:06 +0000"
    },
    "done": true
  },
  "minecraft:recipes/combat/golden_helmet": {
    "criteria": {
      "has_gold_ingot": "2024-07-05 16:23:06 +0000"
    },
    "done": true
  },
  "twilightforest:recipes/transportation/mangrove_boat": {
    "criteria": {
      "in_water": "2024-07-05 16:12:10 +0000"
    },
    "done": true
  },
  "minecraft:recipes/decorations/smoker": {
    "criteria": {
      "has_furnace": "2024-07-05 16:15:42 +0000"
    },
    "done": true
  },
  "expanded_combat:recipes/combat/gold_dancer_s_sword_conditional_shaped": {
    "criteria": {
      "has_item": "2024-07-05 16:23:06 +0000"
    },
    "done": true
  },
  "twilightforest:recipes/transportation/transformation_boat": {
    "criteria": {
      "in_water": "2024-07-05 16:12:10 +0000"
    },
    "done": true
  },
  "ec_es_plugin:recipes/combat/gold_ninja_gauntlet_conditional_shaped": {
    "criteria": {
      "has_item": "2024-07-05 16:23:06 +0000"
    },
    "done": true
  },
  "expanded_combat:recipes/combat/gold_battle_staff_conditional_shaped": {
    "criteria": {
      "has_item": "2024-07-05 16:23:06 +0000"
    },
    "done": true
  },
  "smallships:recipes/transportation/oak_cog": {
    "criteria": {
      "in_water": "2024-07-05 16:12:10 +0000"
    },
    "done": true
  },
  "lootr:root": {
    "criteria": {
      "always_true": "2024-07-05 16:11:52 +0000"
    },
    "done": true
  },
  "smallships:recipes/transportation/oak_galley": {
    "criteria": {
      "in_water": "2024-07-05 16:12:10 +0000"
    },
    "done": true
  },
  "infinity_cave:mechanics/weapons/torpedo_harpoon/tick": {
    "criteria": {
      "requirement": "2024-07-05 16:11:52 +0000"
    },
    "done": true
  },
  "expanded_combat:recipes/combat/gold_claymore_conditional_shaped": {
    "criteria": {
      "has_item": "2024-07-05 16:23:06 +0000"
    },
    "done": true
  },
  "minecraft:recipes/transportation/spruce_boat": {
    "criteria": {
      "in_water": "2024-07-05 16:12:10 +0000"
    },
    "done": true
  },
  "smallships:recipes/transportation/acacia_brigg": {
    "criteria": {
      "in_water": "2024-07-05 16:12:10 +0000"
    },
    "done": true
  },
  "minecraft:husbandry/root": {
    "criteria": {
      "consumed_item": "2024-07-05 16:18:57 +0000"
    },
    "done": true
  },
  "minecraft:recipes/transportation/birch_boat": {
    "criteria": {
      "in_water": "2024-07-05 16:12:10 +0000"
    },
    "done": true
  },
  "expanded_combat:recipes/combat/gold_bow_conditional_shaped_skip": {
    "criteria": {
      "has_item": "2024-07-05 16:23:06 +0000"
    },
    "done": true
  },
  "minecraft:recipes/transportation/oak_boat": {
    "criteria": {
      "in_water": "2024-07-05 16:12:10 +0000"
    },
    "done": true
  },
  "decorative_blocks:recipes/building_blocks/rocky_dirt": {
    "criteria": {
      "has_dirt": "2024-07-05 16:26:58 +0000"
    },
    "done": true
  },
  "expanded_combat:recipes/combat/half_gold_bow_conditional_shaped": {
    "criteria": {
      "has_item": "2024-07-05 16:23:06 +0000"
    },
    "done": true
  },
  "minecraft:recipes/building_blocks/coal_block": {
    "criteria": {
      "has_coal": "2024-07-05 16:15:42 +0000"
    },
    "done": true
  },
  "undergarden:recipes/transportation/wigglewood_boat": {
    "criteria": {
      "in_water": "2024-07-05 16:12:10 +0000"
    },
    "done": true
  },
  "smallships:recipes/transportation/mangrove_galley": {
    "criteria": {
      "in_water": "2024-07-05 16:12:10 +0000"
    },
    "done": true
  },
  "smallships:recipes/transportation/dark_oak_cog": {
    "criteria": {
      "in_water": "2024-07-05 16:12:10 +0000"
    },
    "done": true
  },
  "smallships:recipes/transportation/birch_drakkar": {
    "criteria": {
      "in_water": "2024-07-05 16:12:10 +0000"
    },
    "done": true
  },
  "minecraft:recipes/transportation/mangrove_boat": {
    "criteria": {
      "in_water": "2024-07-05 16:12:10 +0000"
    },
    "done": true
  },
  "smallships:recipes/transportation/dark_oak_drakkar": {
    "criteria": {
      "in_water": "2024-07-05 16:12:10 +0000"
    },
    "done": true
  },
  "twilightforest:recipes/transportation/canopy_boat": {
    "criteria": {
      "in_water": "2024-07-05 16:12:10 +0000"
    },
    "done": true
  },
  "smallships:recipes/transportation/jungle_drakkar": {
    "criteria": {
      "in_water": "2024-07-05 16:12:10 +0000"
    },
    "done": true
  },
  "expanded_combat:recipes/combat/gold_dagger_conditional_shaped": {
    "criteria": {
      "has_item": "2024-07-05 16:23:06 +0000"
    },
    "done": true
  },
  "twilightforest:recipes/transportation/dark_boat": {
    "criteria": {
      "in_water": "2024-07-05 16:12:10 +0000"
    },
    "done": true
  },
  "smallships:recipes/transportation/birch_brigg": {
    "criteria": {
      "in_water": "2024-07-05 16:12:10 +0000"
    },
    "done": true
  },
  "smallships:recipes/transportation/acacia_drakkar": {
    "criteria": {
      "in_water": "2024-07-05 16:12:10 +0000"
    },
    "done": true
  },
  "undergarden:recipes/transportation/smogstem_boat": {
    "criteria": {
      "in_water": "2024-07-05 16:12:10 +0000"
    },
    "done": true
  },
  "expanded_combat:recipes/combat/gold_cutlass_conditional_shaped": {
    "criteria": {
      "has_item": "2024-07-05 16:23:06 +0000"
    },
    "done": true
  },
  "aether:recipes/combat/golden_gloves": {
    "criteria": {
      "has_gold": "2024-07-05 16:23:06 +0000"
    },
    "done": true
  },
  "infinity_cave:technical/armor/chestplate": {
    "criteria": {
      "empty": "2024-07-05 16:11:52 +0000"
    },
    "done": true
  },
  "smallships:recipes/transportation/cherry_galley": {
    "criteria": {
      "in_water": "2024-07-05 16:12:10 +0000"
    },
    "done": true
  },
  "rpgsmw:choose_your_class": {
    "criteria": {
      "choose_your_class_0": "2024-07-05 16:11:52 +0000"
    },
    "done": true
  },
  "smallships:recipes/transportation/cherry_brigg": {
    "criteria": {
      "in_water": "2024-07-05 16:12:10 +0000"
    },
    "done": true
  },
  "smallships:recipes/transportation/spruce_brigg": {
    "criteria": {
      "in_water": "2024-07-05 16:12:10 +0000"
    },
    "done": true
  },
  "expanded_combat:recipes/combat/gold_scythe_conditional_shaped": {
    "criteria": {
      "has_item": "2024-07-05 16:23:06 +0000"
    },
    "done": true
  },
  "minecraft:adventure/adventuring_time": {
    "criteria": {
      "minecraft:river": "2024-07-05 16:11:55 +0000"
    },
    "done": false
  },
  "minecraft:recipes/tools/golden_hoe": {
    "criteria": {
      "has_gold_ingot": "2024-07-05 16:23:06 +0000"
    },
    "done": true
  },
  "minecraft:husbandry/balanced_diet": {
    "criteria": {
      "bread": "2024-07-05 16:18:57 +0000"
    },
    "done": false
  },
  "twilightforest:recipes/transportation/sorting_boat": {
    "criteria": {
      "in_water": "2024-07-05 16:12:10 +0000"
    },
    "done": true
  },
  "expanded_combat:recipes/combat/gold_crossbow_conditional_shaped": {
    "criteria": {
      "has_item": "2024-07-05 16:23:06 +0000"
    },
    "done": true
  },
  "aether:recipes/combat/golden_pendant": {
    "criteria": {
      "has_gold_ingot": "2024-07-05 16:23:06 +0000"
    },
    "done": true
  },
  "smallships:recipes/transportation/mangrove_cog": {
    "criteria": {
      "in_water": "2024-07-05 16:12:10 +0000"
    },
    "done": true
  },
  "smallships:recipes/transportation/cherry_cog": {
    "criteria": {
      "in_water": "2024-07-05 16:12:10 +0000"
    },
    "done": true
  },
  "expanded_combat:recipes/combat/half_gold_bow_conditional_120_smithing": {
    "criteria": {
      "has_item": "2024-07-05 16:23:06 +0000"
    },
    "done": true
  },
  "minecraft:recipes/transportation/dark_oak_boat": {
    "criteria": {
      "in_water": "2024-07-05 16:12:10 +0000"
    },
    "done": true
  },
  "minecraft:recipes/combat/golden_leggings": {
    "criteria": {
      "has_gold_ingot": "2024-07-05 16:23:06 +0000"
    },
    "done": true
  },
  "DataVersion": 3465
}