{
  "infinity_cave:technical/armor/leggings": {
    "criteria": {
      "empty": "2024-07-05 16:11:49 +0000"
    },
    "done": true
  },
  "ancient_elements:ancient_elements": {
    "criteria": {
      "ancient_elements": "2024-07-05 16:11:49 +0000"
    },
    "done": true
  },
  "infinity_cave:mechanics/weapons/sonic_bow/tick": {
    "criteria": {
      "requirement": "2024-07-05 16:11:49 +0000"
    },
    "done": true
  },
  "undergarden:undergarden/root": {
    "criteria": {
      "tick": "2024-07-05 16:11:49 +0000"
    },
    "done": true
  },
  "stellarity:cursed_tome/root": {
    "criteria": {
      "requirement": "2024-07-05 16:11:49 +0000"
    },
    "done": true
  },
  "minecraft:recipes/decorations/crafting_table": {
    "criteria": {
      "unlock_right_away": "2024-07-05 16:11:49 +0000"
    },
    "done": true
  },
  "stellarity:dragons_den/cursed_tome/root": {
    "criteria": {
      "requirement": "2024-07-05 16:11:49 +0000"
    },
    "done": true
  },
  "dungeons_arise:wda_root": {
    "criteria": {
      "WDA": "2024-07-05 16:11:49 +0000"
    },
    "done": true
  },
  "infinite_abyss:logged_in": {
    "criteria": {
      "logged_in": "2024-07-05 16:11:49 +0000"
    },
    "done": true
  },
  "infinity_cave:technical/armor/helmet": {
    "criteria": {
      "empty": "2024-07-05 16:11:49 +0000"
    },
    "done": true
  },
  "infinity_cave:technical/armor/boots": {
    "criteria": {
      "empty": "2024-07-05 16:11:49 +0000"
    },
    "done": true
  },
  "infinity_cave:mechanics/altar/tick": {
    "criteria": {
      "requirement": "2024-07-05 16:11:49 +0000"
    },
    "done": true
  },
  "infinity_cave:load": {
    "criteria": {
      "requirement": "2024-07-05 16:11:49 +0000"
    },
    "done": true
  },
  "mokels_weaponry:advancement_spawn_in": {
    "criteria": {
      "advancement_spawn_in": "2024-07-05 16:11:49 +0000"
    },
    "done": true
  },
  "lootr:root": {
    "criteria": {
      "always_true": "2024-07-05 16:11:49 +0000"
    },
    "done": true
  },
  "infinity_cave:mechanics/weapons/torpedo_harpoon/tick": {
    "criteria": {
      "requirement": "2024-07-05 16:11:49 +0000"
    },
    "done": true
  },
  "infinity_cave:technical/armor/chestplate": {
    "criteria": {
      "empty": "2024-07-05 16:11:49 +0000"
    },
    "done": true
  },
  "rpgsmw:choose_your_class": {
    "criteria": {
      "choose_your_class_0": "2024-07-05 16:11:49 +0000"
    },
    "done": true
  },
  "tombstone:adventure/root": {
    "criteria": {
      "auto": "2024-07-05 16:11:51 +0000"
    },
    "done": true
  },
  "minecraft:adventure/adventuring_time": {
    "criteria": {
      "minecraft:frozen_river": "2024-07-05 16:47:28 +0000",
      "minecraft:river": "2024-07-05 16:11:51 +0000",
      "minecraft:snowy_taiga": "2024-07-05 16:39:57 +0000",
      "minecraft:lush_caves": "2024-07-05 17:11:11 +0000"
    },
    "done": false
  },
  "infinity_cave:technical/hit_match/entity_hurt_player": {
    "criteria": {
      "requirement": "2024-07-05 16:13:59 +0000"
    },
    "done": true
  },
  "smallships:recipes/transportation/bamboo_galley": {
    "criteria": {
      "in_water": "2024-07-05 16:14:37 +0000"
    },
    "done": true
  },
  "smallships:recipes/transportation/spruce_cog": {
    "criteria": {
      "in_water": "2024-07-05 16:14:37 +0000"
    },
    "done": true
  },
  "smallships:recipes/transportation/acacia_cog": {
    "criteria": {
      "in_water": "2024-07-05 16:14:37 +0000"
    },
    "done": true
  },
  "aether:recipes/transportation/skyroot_boat": {
    "criteria": {
      "in_water": "2024-07-05 16:14:37 +0000"
    },
    "done": true
  },
  "smallships:recipes/transportation/jungle_cog": {
    "criteria": {
      "in_water": "2024-07-05 16:14:37 +0000"
    },
    "done": true
  },
  "smallships:recipes/transportation/dark_oak_brigg": {
    "criteria": {
      "in_water": "2024-07-05 16:14:37 +0000"
    },
    "done": true
  },
  "undergarden:recipes/transportation/grongle_boat": {
    "criteria": {
      "in_water": "2024-07-05 16:14:37 +0000"
    },
    "done": true
  },
  "smallships:recipes/transportation/birch_galley": {
    "criteria": {
      "in_water": "2024-07-05 16:14:37 +0000"
    },
    "done": true
  },
  "minecraft:recipes/transportation/cherry_boat": {
    "criteria": {
      "in_water": "2024-07-05 16:14:37 +0000"
    },
    "done": true
  },
  "smallships:recipes/transportation/oak_drakkar": {
    "criteria": {
      "in_water": "2024-07-05 16:14:37 +0000"
    },
    "done": true
  },
  "minecraft:recipes/transportation/bamboo_raft": {
    "criteria": {
      "in_water": "2024-07-05 16:14:37 +0000"
    },
    "done": true
  },
  "smallships:recipes/transportation/mangrove_brigg": {
    "criteria": {
      "in_water": "2024-07-05 16:14:37 +0000"
    },
    "done": true
  },
  "smallships:recipes/transportation/jungle_brigg": {
    "criteria": {
      "in_water": "2024-07-05 16:14:37 +0000"
    },
    "done": true
  },
  "smallships:recipes/transportation/spruce_galley": {
    "criteria": {
      "in_water": "2024-07-05 16:14:37 +0000"
    },
    "done": true
  },
  "smallships:recipes/transportation/birch_cog": {
    "criteria": {
      "in_water": "2024-07-05 16:14:37 +0000"
    },
    "done": true
  },
  "smallships:recipes/transportation/mangrove_drakkar": {
    "criteria": {
      "in_water": "2024-07-05 16:14:37 +0000"
    },
    "done": true
  },
  "smallships:recipes/misc/sail": {
    "criteria": {
      "in_water": "2024-07-05 16:14:37 +0000"
    },
    "done": true
  },
  "smallships:recipes/transportation/acacia_galley": {
    "criteria": {
      "in_water": "2024-07-05 16:14:37 +0000"
    },
    "done": true
  },
  "minecraft:recipes/transportation/acacia_boat": {
    "criteria": {
      "in_water": "2024-07-05 16:14:37 +0000"
    },
    "done": true
  },
  "smallships:recipes/transportation/jungle_galley": {
    "criteria": {
      "in_water": "2024-07-05 16:14:37 +0000"
    },
    "done": true
  },
  "smallships:recipes/transportation/dark_oak_galley": {
    "criteria": {
      "in_water": "2024-07-05 16:14:37 +0000"
    },
    "done": true
  },
  "smallships:recipes/transportation/bamboo_brigg": {
    "criteria": {
      "in_water": "2024-07-05 16:14:37 +0000"
    },
    "done": true
  },
  "smallships:recipes/transportation/spruce_drakkar": {
    "criteria": {
      "in_water": "2024-07-05 16:14:37 +0000"
    },
    "done": true
  },
  "minecraft:recipes/transportation/jungle_boat": {
    "criteria": {
      "in_water": "2024-07-05 16:14:37 +0000"
    },
    "done": true
  },
  "twilightforest:recipes/transportation/twilight_oak_boat": {
    "criteria": {
      "in_water": "2024-07-05 16:14:37 +0000"
    },
    "done": true
  },
  "twilightforest:recipes/transportation/time_boat": {
    "criteria": {
      "in_water": "2024-07-05 16:14:37 +0000"
    },
    "done": true
  },
  "twilightforest:recipes/transportation/mining_boat": {
    "criteria": {
      "in_water": "2024-07-05 16:14:37 +0000"
    },
    "done": true
  },
  "smallships:recipes/transportation/oak_brigg": {
    "criteria": {
      "in_water": "2024-07-05 16:14:37 +0000"
    },
    "done": true
  },
  "smallships:recipes/transportation/bamboo_cog": {
    "criteria": {
      "in_water": "2024-07-05 16:14:37 +0000"
    },
    "done": true
  },
  "twilightforest:recipes/transportation/mangrove_boat": {
    "criteria": {
      "in_water": "2024-07-05 16:14:37 +0000"
    },
    "done": true
  },
  "twilightforest:recipes/transportation/transformation_boat": {
    "criteria": {
      "in_water": "2024-07-05 16:14:37 +0000"
    },
    "done": true
  },
  "smallships:recipes/transportation/oak_cog": {
    "criteria": {
      "in_water": "2024-07-05 16:14:37 +0000"
    },
    "done": true
  },
  "smallships:recipes/transportation/oak_galley": {
    "criteria": {
      "in_water": "2024-07-05 16:14:37 +0000"
    },
    "done": true
  },
  "minecraft:recipes/transportation/spruce_boat": {
    "criteria": {
      "in_water": "2024-07-05 16:14:37 +0000"
    },
    "done": true
  },
  "smallships:recipes/transportation/acacia_brigg": {
    "criteria": {
      "in_water": "2024-07-05 16:14:37 +0000"
    },
    "done": true
  },
  "minecraft:recipes/transportation/birch_boat": {
    "criteria": {
      "in_water": "2024-07-05 16:14:37 +0000"
    },
    "done": true
  },
  "minecraft:recipes/transportation/oak_boat": {
    "criteria": {
      "in_water": "2024-07-05 16:14:37 +0000"
    },
    "done": true
  },
  "undergarden:recipes/transportation/wigglewood_boat": {
    "criteria": {
      "in_water": "2024-07-05 16:14:37 +0000"
    },
    "done": true
  },
  "smallships:recipes/transportation/mangrove_galley": {
    "criteria": {
      "in_water": "2024-07-05 16:14:37 +0000"
    },
    "done": true
  },
  "smallships:recipes/transportation/dark_oak_cog": {
    "criteria": {
      "in_water": "2024-07-05 16:14:37 +0000"
    },
    "done": true
  },
  "smallships:recipes/transportation/birch_drakkar": {
    "criteria": {
      "in_water": "2024-07-05 16:14:37 +0000"
    },
    "done": true
  },
  "minecraft:recipes/transportation/mangrove_boat": {
    "criteria": {
      "in_water": "2024-07-05 16:14:37 +0000"
    },
    "done": true
  },
  "smallships:recipes/transportation/dark_oak_drakkar": {
    "criteria": {
      "in_water": "2024-07-05 16:14:37 +0000"
    },
    "done": true
  },
  "twilightforest:recipes/transportation/canopy_boat": {
    "criteria": {
      "in_water": "2024-07-05 16:14:37 +0000"
    },
    "done": true
  },
  "smallships:recipes/transportation/jungle_drakkar": {
    "criteria": {
      "in_water": "2024-07-05 16:14:37 +0000"
    },
    "done": true
  },
  "twilightforest:recipes/transportation/dark_boat": {
    "criteria": {
      "in_water": "2024-07-05 16:14:37 +0000"
    },
    "done": true
  },
  "smallships:recipes/transportation/birch_brigg": {
    "criteria": {
      "in_water": "2024-07-05 16:14:37 +0000"
    },
    "done": true
  },
  "smallships:recipes/transportation/acacia_drakkar": {
    "criteria": {
      "in_water": "2024-07-05 16:14:37 +0000"
    },
    "done": true
  },
  "undergarden:recipes/transportation/smogstem_boat": {
    "criteria": {
      "in_water": "2024-07-05 16:14:37 +0000"
    },
    "done": true
  },
  "smallships:recipes/transportation/cherry_galley": {
    "criteria": {
      "in_water": "2024-07-05 16:14:37 +0000"
    },
    "done": true
  },
  "smallships:recipes/transportation/cherry_brigg": {
    "criteria": {
      "in_water": "2024-07-05 16:14:37 +0000"
    },
    "done": true
  },
  "smallships:recipes/transportation/spruce_brigg": {
    "criteria": {
      "in_water": "2024-07-05 16:14:37 +0000"
    },
    "done": true
  },
  "twilightforest:recipes/transportation/sorting_boat": {
    "criteria": {
      "in_water": "2024-07-05 16:14:37 +0000"
    },
    "done": true
  },
  "smallships:recipes/transportation/mangrove_cog": {
    "criteria": {
      "in_water": "2024-07-05 16:14:37 +0000"
    },
    "done": true
  },
  "smallships:recipes/transportation/cherry_cog": {
    "criteria": {
      "in_water": "2024-07-05 16:14:37 +0000"
    },
    "done": true
  },
  "minecraft:recipes/transportation/dark_oak_boat": {
    "criteria": {
      "in_water": "2024-07-05 16:14:37 +0000"
    },
    "done": true
  },
  "sgjourney:recipes/misc/fire_pit": {
    "criteria": {
      "has_coal": "2024-07-05 16:15:50 +0000"
    },
    "done": true
  },
  "minecraft:recipes/decorations/campfire": {
    "criteria": {
      "has_coal": "2024-07-05 16:15:50 +0000"
    },
    "done": true
  },
  "blue_skies:recipes/building_blocks/food_prep_table": {
    "criteria": {
      "has_item": "2024-07-05 16:15:50 +0000"
    },
    "done": true
  },
  "minecraft:recipes/decorations/smoker": {
    "criteria": {
      "has_furnace": "2024-07-05 16:15:50 +0000"
    },
    "done": true
  },
  "minecraft:recipes/building_blocks/coal_block": {
    "criteria": {
      "has_coal": "2024-07-05 16:15:50 +0000"
    },
    "done": true
  },
  "minecraft:husbandry/root": {
    "criteria": {
      "consumed_item": "2024-07-05 16:20:29 +0000"
    },
    "done": true
  },
  "minecraft:husbandry/balanced_diet": {
    "criteria": {
      "bread": "2024-07-05 16:20:29 +0000"
    },
    "done": false
  },
  "block_variants:recipes/decorations/spruce_wood_wall": {
    "criteria": {
      "has_spruce_wood": "2024-07-05 16:23:29 +0000"
    },
    "done": true
  },
  "minecraft:recipes/misc/charcoal": {
    "criteria": {
      "has_log": "2024-07-05 16:23:29 +0000"
    },
    "done": true
  },
  "block_variants:recipes/building_blocks/spruce_wood_slab": {
    "criteria": {
      "has_spruce_wood": "2024-07-05 16:23:29 +0000"
    },
    "done": true
  },
  "minecraft:recipes/building_blocks/spruce_planks": {
    "criteria": {
      "has_logs": "2024-07-05 16:23:29 +0000"
    },
    "done": true
  },
  "block_variants:recipes/redstone/spruce_wood_fence_gate": {
    "criteria": {
      "has_spruce_wood": "2024-07-05 16:23:29 +0000"
    },
    "done": true
  },
  "block_variants:recipes/decorations/spruce_wood_fence": {
    "criteria": {
      "has_spruce_wood": "2024-07-05 16:23:29 +0000"
    },
    "done": true
  },
  "block_variants:recipes/building_blocks/spruce_wood_stairs": {
    "criteria": {
      "has_spruce_wood": "2024-07-05 16:23:29 +0000"
    },
    "done": true
  },
  "decorative_blocks:recipes/building_blocks/birch_palisade": {
    "criteria": {
      "has_log": "2024-07-05 16:27:16 +0000"
    },
    "done": true
  },
  "minecraft:recipes/decorations/chest": {
    "criteria": {
      "has_lots_of_items": "2024-07-05 16:27:16 +0000"
    },
    "done": true
  },
  "minecraft:recipes/building_blocks/birch_wood": {
    "criteria": {
      "has_log": "2024-07-05 16:27:16 +0000"
    },
    "done": true
  },
  "minecraft:recipes/building_blocks/birch_planks": {
    "criteria": {
      "has_logs": "2024-07-05 16:27:16 +0000"
    },
    "done": true
  },
  "block_variants:recipes/building_blocks/birch_log_slab": {
    "criteria": {
      "has_birch_log": "2024-07-05 16:27:16 +0000"
    },
    "done": true
  },
  "block_variants:recipes/redstone/birch_wood_fence_gate_from_birch_log": {
    "criteria": {
      "has_birch_log": "2024-07-05 16:27:16 +0000"
    },
    "done": true
  },
  "block_variants:recipes/decorations/birch_wood_wall_from_birch_log": {
    "criteria": {
      "has_birch_log": "2024-07-05 16:27:16 +0000"
    },
    "done": true
  },
  "block_variants:recipes/building_blocks/birch_log_stairs": {
    "criteria": {
      "has_birch_log": "2024-07-05 16:27:16 +0000"
    },
    "done": true
  },
  "aether:recipes/decorations/skyroot_chest": {
    "criteria": {
      "has_lots_of_items": "2024-07-05 16:27:16 +0000"
    },
    "done": true
  },
  "block_variants:recipes/decorations/birch_wood_fence_from_birch_log": {
    "criteria": {
      "has_birch_log": "2024-07-05 16:27:16 +0000"
    },
    "done": true
  },
  "minecraft:recipes/redstone/birch_button": {
    "criteria": {
      "has_planks": "2024-07-05 16:27:27 +0000"
    },
    "done": true
  },
  "expanded_combat:recipes/combat/birch_plank_battle_staff_conditional_shaped": {
    "criteria": {
      "has_item": "2024-07-05 16:27:27 +0000"
    },
    "done": true
  },
  "minecraft:recipes/redstone/birch_door": {
    "criteria": {
      "has_planks": "2024-07-05 16:27:27 +0000"
    },
    "done": true
  },
  "minecraft:recipes/decorations/birch_fence": {
    "criteria": {
      "has_planks": "2024-07-05 16:27:27 +0000"
    },
    "done": true
  },
  "minecraft:recipes/misc/stick": {
    "criteria": {
      "has_planks": "2024-07-05 16:27:27 +0000"
    },
    "done": true
  },
  "minecraft:recipes/decorations/birch_sign": {
    "criteria": {
      "has_planks": "2024-07-05 16:27:27 +0000"
    },
    "done": true
  },
  "minecraft:recipes/redstone/birch_fence_gate": {
    "criteria": {
      "has_planks": "2024-07-05 16:27:27 +0000"
    },
    "done": true
  },
  "decorative_blocks:recipes/building_blocks/birch_seat": {
    "criteria": {
      "has_plank": "2024-07-05 16:27:27 +0000"
    },
    "done": true
  },
  "minecraft:recipes/building_blocks/birch_slab": {
    "criteria": {
      "has_planks": "2024-07-05 16:27:27 +0000"
    },
    "done": true
  },
  "expanded_combat:recipes/combat/birch_plank_scythe_conditional_shaped": {
    "criteria": {
      "has_item": "2024-07-05 16:27:27 +0000"
    },
    "done": true
  },
  "minecraft:recipes/building_blocks/birch_stairs": {
    "criteria": {
      "has_planks": "2024-07-05 16:27:27 +0000"
    },
    "done": true
  },
  "expanded_combat:recipes/combat/birch_plank_katana_conditional_shaped": {
    "criteria": {
      "has_item": "2024-07-05 16:27:27 +0000"
    },
    "done": true
  },
  "expanded_combat:recipes/combat/birch_plank_mace_conditional_shaped": {
    "criteria": {
      "has_item": "2024-07-05 16:27:27 +0000"
    },
    "done": true
  },
  "expanded_combat:recipes/combat/birch_plank_claymore_conditional_shaped": {
    "criteria": {
      "has_item": "2024-07-05 16:27:27 +0000"
    },
    "done": true
  },
  "expanded_combat:recipes/combat/birch_plank_broad_sword_conditional_shaped": {
    "criteria": {
      "has_item": "2024-07-05 16:27:27 +0000"
    },
    "done": true
  },
  "minecraft:recipes/decorations/barrel": {
    "criteria": {
      "has_planks": "2024-07-05 16:27:27 +0000"
    },
    "done": true
  },
  "expanded_combat:recipes/combat/birch_plank_dancer_s_sword_conditional_shaped": {
    "criteria": {
      "has_item": "2024-07-05 16:27:27 +0000"
    },
    "done": true
  },
  "decorative_blocks:recipes/building_blocks/birch_support": {
    "criteria": {
      "has_plank": "2024-07-05 16:27:27 +0000"
    },
    "done": true
  },
  "expanded_combat:recipes/combat/birch_plank_sickle_conditional_shaped": {
    "criteria": {
      "has_item": "2024-07-05 16:27:27 +0000"
    },
    "done": true
  },
  "expanded_combat:recipes/combat/birch_plank_cutlass_conditional_shaped": {
    "criteria": {
      "has_item": "2024-07-05 16:27:27 +0000"
    },
    "done": true
  },
  "expanded_combat:recipes/combat/birch_plank_glaive_conditional_shaped": {
    "criteria": {
      "has_item": "2024-07-05 16:27:27 +0000"
    },
    "done": true
  },
  "expanded_combat:recipes/combat/birch_plank_great_hammer_conditional_shaped": {
    "criteria": {
      "has_item": "2024-07-05 16:27:27 +0000"
    },
    "done": true
  },
  "expanded_combat:recipes/combat/birch_plank_dagger_conditional_shaped": {
    "criteria": {
      "has_item": "2024-07-05 16:27:27 +0000"
    },
    "done": true
  },
  "minecraft:recipes/redstone/birch_trapdoor": {
    "criteria": {
      "has_planks": "2024-07-05 16:27:27 +0000"
    },
    "done": true
  },
  "expanded_combat:recipes/combat/birch_plank_spear_conditional_shaped": {
    "criteria": {
      "has_item": "2024-07-05 16:27:27 +0000"
    },
    "done": true
  },
  "minecraft:recipes/redstone/birch_pressure_plate": {
    "criteria": {
      "has_planks": "2024-07-05 16:27:27 +0000"
    },
    "done": true
  },
  "expanded_combat:recipes/combat/birch_plank_flail_conditional_shaped": {
    "criteria": {
      "has_item": "2024-07-05 16:27:27 +0000"
    },
    "done": true
  },
  "dungeonnowloading:story/root": {
    "criteria": {
      "obtain_crafting_table": "2024-07-05 16:27:30 +0000"
    },
    "done": true
  },
  "expanded_combat:root": {
    "criteria": {
      "crafting_table": "2024-07-05 16:27:30 +0000"
    },
    "done": true
  },
  "minecraft:story/root": {
    "criteria": {
      "crafting_table": "2024-07-05 16:27:30 +0000"
    },
    "done": true
  },
  "minecraft:recipes/decorations/ladder": {
    "criteria": {
      "has_stick": "2024-07-05 16:27:35 +0000"
    },
    "done": true
  },
  "backpacked:recipes/decorations/cherry_backpack_shelf": {
    "criteria": {
      "has_stick": "2024-07-05 16:27:35 +0000"
    },
    "done": true
  },
  "minecraft:recipes/tools/wooden_axe": {
    "criteria": {
      "has_stick": "2024-07-05 16:27:35 +0000"
    },
    "done": true
  },
  "backpacked:recipes/decorations/oak_backpack_shelf": {
    "criteria": {
      "has_stick": "2024-07-05 16:27:35 +0000"
    },
    "done": true
  },
  "backpacked:recipes/decorations/spruce_backpack_shelf": {
    "criteria": {
      "has_stick": "2024-07-05 16:27:35 +0000"
    },
    "done": true
  },
  "backpacked:recipes/decorations/acacia_backpack_shelf": {
    "criteria": {
      "has_stick": "2024-07-05 16:27:35 +0000"
    },
    "done": true
  },
  "decorative_blocks:recipes/building_blocks/lattice": {
    "criteria": {
      "has_stick": "2024-07-05 16:27:35 +0000"
    },
    "done": true
  },
  "minecraft:recipes/tools/wooden_hoe": {
    "criteria": {
      "has_stick": "2024-07-05 16:27:35 +0000"
    },
    "done": true
  },
  "minecraft:recipes/tools/wooden_shovel": {
    "criteria": {
      "has_stick": "2024-07-05 16:27:35 +0000"
    },
    "done": true
  },
  "backpacked:recipes/decorations/crimson_backpack_shelf": {
    "criteria": {
      "has_stick": "2024-07-05 16:27:35 +0000"
    },
    "done": true
  },
  "minecraft:recipes/combat/wooden_sword": {
    "criteria": {
      "has_stick": "2024-07-05 16:27:35 +0000"
    },
    "done": true
  },
  "undergarden:recipes/combat/slingshot": {
    "criteria": {
      "has_stick": "2024-07-05 16:27:35 +0000"
    },
    "done": true
  },
  "undergarden:recipes/decorations/torch_ditchbulb_paste": {
    "criteria": {
      "has_stick": "2024-07-05 16:27:35 +0000"
    },
    "done": true
  },
  "treasure2:recipes/tools/treasure_tool": {
    "criteria": {
      "has_stick": "2024-07-05 16:27:35 +0000"
    },
    "done": true
  },
  "backpacked:recipes/decorations/dark_oak_backpack_shelf": {
    "criteria": {
      "has_stick": "2024-07-05 16:27:35 +0000"
    },
    "done": true
  },
  "undergarden:recipes/decorations/undergarden_scaffolding": {
    "criteria": {
      "has_stick": "2024-07-05 16:27:35 +0000"
    },
    "done": true
  },
  "backpacked:recipes/decorations/birch_backpack_shelf": {
    "criteria": {
      "has_stick": "2024-07-05 16:27:35 +0000"
    },
    "done": true
  },
  "undergarden:recipes/decorations/shard_torch": {
    "criteria": {
      "has_stick": "2024-07-05 16:27:35 +0000"
    },
    "done": true
  },
  "backpacked:recipes/decorations/jungle_backpack_shelf": {
    "criteria": {
      "has_stick": "2024-07-05 16:27:35 +0000"
    },
    "done": true
  },
  "minecraft:recipes/tools/wooden_pickaxe": {
    "criteria": {
      "has_stick": "2024-07-05 16:27:35 +0000"
    },
    "done": true
  },
  "backpacked:recipes/decorations/warped_backpack_shelf": {
    "criteria": {
      "has_stick": "2024-07-05 16:27:35 +0000"
    },
    "done": true
  },
  "aether:recipes/tools/wooden_axe_repairing": {
    "criteria": {
      "has_wooden_axe": "2024-07-05 16:28:02 +0000"
    },
    "done": true
  },
  "block_variants:recipes/decorations/oak_wood_fence_from_oak_log": {
    "criteria": {
      "has_oak_log": "2024-07-05 16:29:54 +0000"
    },
    "done": true
  },
  "decorative_blocks:recipes/building_blocks/oak_palisade": {
    "criteria": {
      "has_log": "2024-07-05 16:29:54 +0000"
    },
    "done": true
  },
  "block_variants:recipes/redstone/oak_wood_fence_gate_from_oak_log": {
    "criteria": {
      "has_oak_log": "2024-07-05 16:29:54 +0000"
    },
    "done": true
  },
  "minecraft:recipes/building_blocks/oak_planks": {
    "criteria": {
      "has_logs": "2024-07-05 16:29:54 +0000"
    },
    "done": true
  },
  "minecraft:recipes/building_blocks/oak_wood": {
    "criteria": {
      "has_log": "2024-07-05 16:29:54 +0000"
    },
    "done": true
  },
  "block_variants:recipes/building_blocks/oak_log_stairs": {
    "criteria": {
      "has_oak_log": "2024-07-05 16:29:54 +0000"
    },
    "done": true
  },
  "block_variants:recipes/decorations/oak_wood_wall_from_oak_log": {
    "criteria": {
      "has_oak_log": "2024-07-05 16:29:54 +0000"
    },
    "done": true
  },
  "block_variants:recipes/building_blocks/oak_log_slab": {
    "criteria": {
      "has_oak_log": "2024-07-05 16:29:54 +0000"
    },
    "done": true
  },
  "expanded_combat:recipes/combat/oak_plank_glaive_conditional_shaped": {
    "criteria": {
      "has_item": "2024-07-05 16:30:10 +0000"
    },
    "done": true
  },
  "minecraft:recipes/decorations/oak_sign": {
    "criteria": {
      "has_planks": "2024-07-05 16:30:10 +0000"
    },
    "done": true
  },
  "minecraft:recipes/building_blocks/oak_slab": {
    "criteria": {
      "has_planks": "2024-07-05 16:30:10 +0000"
    },
    "done": true
  },
  "minecraft:recipes/redstone/oak_fence_gate": {
    "criteria": {
      "has_planks": "2024-07-05 16:30:10 +0000"
    },
    "done": true
  },
  "minecraft:recipes/redstone/oak_door": {
    "criteria": {
      "has_planks": "2024-07-05 16:30:10 +0000"
    },
    "done": true
  },
  "decorative_blocks:recipes/building_blocks/oak_seat": {
    "criteria": {
      "has_plank": "2024-07-05 16:30:10 +0000"
    },
    "done": true
  },
  "expanded_combat:recipes/combat/oak_plank_sickle_conditional_shaped": {
    "criteria": {
      "has_item": "2024-07-05 16:30:10 +0000"
    },
    "done": true
  },
  "minecraft:recipes/redstone/oak_trapdoor": {
    "criteria": {
      "has_planks": "2024-07-05 16:30:10 +0000"
    },
    "done": true
  },
  "expanded_combat:recipes/combat/oak_plank_katana_conditional_shaped": {
    "criteria": {
      "has_item": "2024-07-05 16:30:10 +0000"
    },
    "done": true
  },
  "expanded_combat:recipes/combat/oak_plank_cutlass_conditional_shaped": {
    "criteria": {
      "has_item": "2024-07-05 16:30:10 +0000"
    },
    "done": true
  },
  "minecraft:recipes/building_blocks/oak_stairs": {
    "criteria": {
      "has_planks": "2024-07-05 16:30:10 +0000"
    },
    "done": true
  },
  "minecraft:recipes/decorations/oak_fence": {
    "criteria": {
      "has_planks": "2024-07-05 16:30:10 +0000"
    },
    "done": true
  },
  "expanded_combat:recipes/combat/oak_plank_battle_staff_conditional_shaped": {
    "criteria": {
      "has_item": "2024-07-05 16:30:10 +0000"
    },
    "done": true
  },
  "decorative_blocks:recipes/building_blocks/oak_support": {
    "criteria": {
      "has_plank": "2024-07-05 16:30:10 +0000"
    },
    "done": true
  },
  "expanded_combat:recipes/combat/oak_plank_claymore_conditional_shaped": {
    "criteria": {
      "has_item": "2024-07-05 16:30:10 +0000"
    },
    "done": true
  },
  "expanded_combat:recipes/combat/oak_plank_dagger_conditional_shaped": {
    "criteria": {
      "has_item": "2024-07-05 16:30:10 +0000"
    },
    "done": true
  },
  "minecraft:recipes/redstone/oak_button": {
    "criteria": {
      "has_planks": "2024-07-05 16:30:10 +0000"
    },
    "done": true
  },
  "expanded_combat:recipes/combat/oak_plank_mace_conditional_shaped": {
    "criteria": {
      "has_item": "2024-07-05 16:30:10 +0000"
    },
    "done": true
  },
  "expanded_combat:recipes/combat/oak_plank_great_hammer_conditional_shaped": {
    "criteria": {
      "has_item": "2024-07-05 16:30:10 +0000"
    },
    "done": true
  },
  "expanded_combat:recipes/combat/oak_plank_scythe_conditional_shaped": {
    "criteria": {
      "has_item": "2024-07-05 16:30:10 +0000"
    },
    "done": true
  },
  "minecraft:recipes/redstone/oak_pressure_plate": {
    "criteria": {
      "has_planks": "2024-07-05 16:30:10 +0000"
    },
    "done": true
  },
  "expanded_combat:recipes/combat/oak_plank_flail_conditional_shaped": {
    "criteria": {
      "has_item": "2024-07-05 16:30:10 +0000"
    },
    "done": true
  },
  "expanded_combat:recipes/combat/oak_plank_broad_sword_conditional_shaped": {
    "criteria": {
      "has_item": "2024-07-05 16:30:10 +0000"
    },
    "done": true
  },
  "expanded_combat:recipes/combat/oak_plank_spear_conditional_shaped": {
    "criteria": {
      "has_item": "2024-07-05 16:30:10 +0000"
    },
    "done": true
  },
  "expanded_combat:recipes/combat/oak_plank_dancer_s_sword_conditional_shaped": {
    "criteria": {
      "has_item": "2024-07-05 16:30:10 +0000"
    },
    "done": true
  },
  "aether:recipes/tools/wooden_pickaxe_repairing": {
    "criteria": {
      "has_wooden_pickaxe": "2024-07-05 16:30:21 +0000"
    },
    "done": true
  },
  "lootr:social": {
    "criteria": {
      "opened_chest": "2024-07-05 16:33:26 +0000"
    },
    "done": false
  },
  "lootr:1chest": {
    "criteria": {
      "opened_chest": "2024-07-05 16:33:26 +0000"
    },
    "done": true
  },
  "aether:recipes/combat/iron_chestplate_repairing": {
    "criteria": {
      "has_iron_chestplate": "2024-07-05 16:33:27 +0000"
    },
    "done": true
  },
  "minecraft:recipes/decorations/lantern": {
    "criteria": {
      "has_iron_nugget": "2024-07-05 16:33:27 +0000"
    },
    "done": true
  },
  "minecraft:recipes/misc/iron_ingot_from_nuggets": {
    "criteria": {
      "has_iron_nugget": "2024-07-05 16:33:27 +0000"
    },
    "done": true
  },
  "minecraft:story/obtain_armor": {
    "criteria": {
      "iron_chestplate": "2024-07-05 16:33:27 +0000"
    },
    "done": true
  },
  "minecraft:recipes/misc/iron_nugget_from_smelting": {
    "criteria": {
      "has_iron_chestplate": "2024-07-05 16:33:27 +0000"
    },
    "done": true
  },
  "minecraft:recipes/decorations/chain": {
    "criteria": {
      "has_iron_nugget": "2024-07-05 16:33:27 +0000"
    },
    "done": true
  },
  "minecraft:recipes/misc/iron_nugget_from_blasting": {
    "criteria": {
      "has_iron_chestplate": "2024-07-05 16:33:27 +0000"
    },
    "done": true
  },
  "minecraft:recipes/combat/leather_helmet": {
    "criteria": {
      "has_leather": "2024-07-05 16:33:30 +0000"
    },
    "done": true
  },
  "minecraft:recipes/combat/leather_chestplate": {
    "criteria": {
      "has_leather": "2024-07-05 16:33:30 +0000"
    },
    "done": true
  },
  "aether:recipes/tools/aether_saddle": {
    "criteria": {
      "has_leather": "2024-07-05 16:33:30 +0000"
    },
    "done": true
  },
  "minecraft:recipes/misc/leather_horse_armor": {
    "criteria": {
      "has_leather": "2024-07-05 16:33:30 +0000"
    },
    "done": true
  },
  "minecraft:recipes/decorations/item_frame": {
    "criteria": {
      "has_leather": "2024-07-05 16:33:30 +0000"
    },
    "done": true
  },
  "expanded_combat:recipes/combat/leather_quiver_conditional_shaped": {
    "criteria": {
      "has_item": "2024-07-05 16:33:30 +0000"
    },
    "done": true
  },
  "minecraft:recipes/combat/leather_boots": {
    "criteria": {
      "has_leather": "2024-07-05 16:33:30 +0000"
    },
    "done": true
  },
  "aether:recipes/combat/leather_gloves": {
    "criteria": {
      "has_leather": "2024-07-05 16:33:30 +0000"
    },
    "done": true
  },
  "minecraft:recipes/combat/leather_leggings": {
    "criteria": {
      "has_leather": "2024-07-05 16:33:30 +0000"
    },
    "done": true
  },
  "expanded_combat:recipes/combat/leather_gauntlet_conditional_shaped": {
    "criteria": {
      "has_item": "2024-07-05 16:33:30 +0000"
    },
    "done": true
  },
  "aether:recipes/decorations/skyroot_loom": {
    "criteria": {
      "has_string": "2024-07-05 16:33:31 +0000"
    },
    "done": true
  },
  "minecraft:recipes/redstone/tripwire_hook": {
    "criteria": {
      "has_string": "2024-07-05 16:33:31 +0000"
    },
    "done": true
  },
  "minecraft:recipes/decorations/candle": {
    "criteria": {
      "has_string": "2024-07-05 16:33:31 +0000"
    },
    "done": true
  },
  "aether:recipes/redstone/skyroot_tripwire_hook": {
    "criteria": {
      "has_string": "2024-07-05 16:33:31 +0000"
    },
    "done": true
  },
  "minecraft:recipes/combat/crossbow": {
    "criteria": {
      "has_string": "2024-07-05 16:33:31 +0000"
    },
    "done": true
  },
  "minecraft:recipes/combat/bow": {
    "criteria": {
      "has_string": "2024-07-05 16:33:31 +0000"
    },
    "done": true
  },
  "minecraft:recipes/tools/fishing_rod": {
    "criteria": {
      "has_string": "2024-07-05 16:33:31 +0000"
    },
    "done": true
  },
  "minecraft:recipes/building_blocks/white_wool_from_string": {
    "criteria": {
      "has_string": "2024-07-05 16:33:31 +0000"
    },
    "done": true
  },
  "minecraft:recipes/decorations/loom": {
    "criteria": {
      "has_string": "2024-07-05 16:33:31 +0000"
    },
    "done": true
  },
  "minecraft:recipes/misc/bone_meal": {
    "criteria": {
      "has_bone": "2024-07-05 16:33:38 +0000"
    },
    "done": true
  },
  "aether:recipes/combat/iron_boots_repairing": {
    "criteria": {
      "has_iron_boots": "2024-07-05 16:33:38 +0000"
    },
    "done": true
  },
  "minecraft:recipes/brewing/golden_carrot": {
    "criteria": {
      "has_gold_nugget": "2024-07-05 16:33:48 +0000"
    },
    "done": true
  },
  "aether:recipes/combat/iron_helmet_repairing": {
    "criteria": {
      "has_iron_helmet": "2024-07-05 16:33:48 +0000"
    },
    "done": true
  },
  "minecraft:recipes/misc/gold_ingot_from_nuggets": {
    "criteria": {
      "has_gold_nugget": "2024-07-05 16:33:48 +0000"
    },
    "done": true
  },
  "minecraft:story/mine_stone": {
    "criteria": {
      "get_stone": "2024-07-05 16:34:08 +0000"
    },
    "done": true
  },
  "minecraft:recipes/decorations/furnace": {
    "criteria": {
      "has_cobblestone": "2024-07-05 16:34:08 +0000"
    },
    "done": true
  },
  "minecraft:recipes/building_blocks/cobblestone_slab_from_cobblestone_stonecutting": {
    "criteria": {
      "has_cobblestone": "2024-07-05 16:34:08 +0000"
    },
    "done": true
  },
  "minecraft:recipes/building_blocks/stone": {
    "criteria": {
      "has_cobblestone": "2024-07-05 16:34:08 +0000"
    },
    "done": true
  },
  "block_variants:recipes/redstone/piston": {
    "criteria": {
      "has_stone": "2024-07-05 16:34:08 +0000"
    },
    "done": true
  },
  "minecraft:recipes/tools/stone_pickaxe": {
    "criteria": {
      "has_cobblestone": "2024-07-05 16:34:08 +0000"
    },
    "done": true
  },
  "minecraft:recipes/building_blocks/cobblestone_slab": {
    "criteria": {
      "has_cobblestone": "2024-07-05 16:34:08 +0000"
    },
    "done": true
  },
  "minecraft:recipes/decorations/cobblestone_wall_from_cobblestone_stonecutting": {
    "criteria": {
      "has_cobblestone": "2024-07-05 16:34:08 +0000"
    },
    "done": true
  },
  "minecraft:recipes/building_blocks/cobblestone_stairs": {
    "criteria": {
      "has_cobblestone": "2024-07-05 16:34:08 +0000"
    },
    "done": true
  },
  "minecraft:recipes/tools/stone_shovel": {
    "criteria": {
      "has_cobblestone": "2024-07-05 16:34:08 +0000"
    },
    "done": true
  },
  "minecraft:recipes/redstone/lever": {
    "criteria": {
      "has_cobblestone": "2024-07-05 16:34:08 +0000"
    },
    "done": true
  },
  "minecraft:recipes/combat/stone_sword": {
    "criteria": {
      "has_cobblestone": "2024-07-05 16:34:08 +0000"
    },
    "done": true
  },
  "minecraft:recipes/decorations/cobblestone_wall": {
    "criteria": {
      "has_cobblestone": "2024-07-05 16:34:08 +0000"
    },
    "done": true
  },
  "minecraft:recipes/tools/stone_axe": {
    "criteria": {
      "has_cobblestone": "2024-07-05 16:34:08 +0000"
    },
    "done": true
  },
  "block_variants:recipes/decorations/stonecutter": {
    "criteria": {
      "has_stone": "2024-07-05 16:34:08 +0000"
    },
    "done": true
  },
  "block_variants:recipes/redstone/lever": {
    "criteria": {
      "has_stone": "2024-07-05 16:34:08 +0000"
    },
    "done": true
  },
  "minecraft:recipes/building_blocks/cobblestone_stairs_from_cobblestone_stonecutting": {
    "criteria": {
      "has_cobblestone": "2024-07-05 16:34:08 +0000"
    },
    "done": true
  },
  "minecraft:recipes/tools/stone_hoe": {
    "criteria": {
      "has_cobblestone": "2024-07-05 16:34:08 +0000"
    },
    "done": true
  },
  "block_variants:recipes/decorations/furnace": {
    "criteria": {
      "has_stone": "2024-07-05 16:34:08 +0000"
    },
    "done": true
  },
  "rpgsmw:mage_class": {
    "criteria": {
      "mage_class_0": "2024-07-05 16:35:33 +0000"
    },
    "done": true
  },
  "minecraft:recipes/food/cooked_porkchop": {
    "criteria": {
      "has_porkchop": "2024-07-05 16:39:35 +0000"
    },
    "done": true
  },
  "minecraft:adventure/root": {
    "criteria": {
      "killed_something": "2024-07-05 16:39:35 +0000"
    },
    "done": true
  },
  "minecraft:recipes/food/cooked_porkchop_from_smoking": {
    "criteria": {
      "has_porkchop": "2024-07-05 16:39:35 +0000"
    },
    "done": true
  },
  "minecraft:recipes/food/cooked_porkchop_from_campfire_cooking": {
    "criteria": {
      "has_porkchop": "2024-07-05 16:39:35 +0000"
    },
    "done": true
  },
  "minecraft:recipes/misc/paper": {
    "criteria": {
      "has_reeds": "2024-07-05 16:41:24 +0000"
    },
    "done": true
  },
  "minecraft:recipes/misc/sugar_from_sugar_cane": {
    "criteria": {
      "has_sugar_cane": "2024-07-05 16:41:24 +0000"
    },
    "done": true
  },
  "minecraft:husbandry/tame_an_animal": {
    "criteria": {
      "tamed_animal": "2024-07-05 16:47:33 +0000"
    },
    "done": true
  },
  "expanded_combat:recipes/combat/iron_cutlass_conditional_shaped": {
    "criteria": {
      "has_item": "2024-07-05 16:50:04 +0000"
    },
    "done": true
  },
  "aether:recipes/combat/iron_pendant": {
    "criteria": {
      "has_iron_ingot": "2024-07-05 16:50:04 +0000"
    },
    "done": true
  },
  "expanded_combat:recipes/combat/iron_battle_staff_conditional_shaped": {
    "criteria": {
      "has_item": "2024-07-05 16:50:04 +0000"
    },
    "done": true
  },
  "expanded_combat:recipes/combat/iron_glaive_conditional_shaped": {
    "criteria": {
      "has_item": "2024-07-05 16:50:04 +0000"
    },
    "done": true
  },
  "expanded_combat:recipes/combat/iron_bow_conditional_120_smithing": {
    "criteria": {
      "has_item": "2024-07-05 16:50:04 +0000"
    },
    "done": true
  },
  "minecraft:recipes/combat/iron_helmet": {
    "criteria": {
      "has_iron_ingot": "2024-07-05 16:50:04 +0000"
    },
    "done": true
  },
  "expanded_combat:recipes/combat/half_iron_bow_conditional_shaped": {
    "criteria": {
      "has_item": "2024-07-05 16:50:04 +0000"
    },
    "done": true
  },
  "immersive_aircraft:misc/aircraftery": {
    "criteria": {
      "has_item": "2024-07-05 16:50:04 +0000"
    },
    "done": true
  },
  "expanded_combat:recipes/combat/iron_sickle_conditional_shaped": {
    "criteria": {
      "has_item": "2024-07-05 16:50:04 +0000"
    },
    "done": true
  },
  "minecraft:recipes/tools/shears": {
    "criteria": {
      "has_iron_ingot": "2024-07-05 16:50:04 +0000"
    },
    "done": true
  },
  "expanded_combat:recipes/combat/iron_bow_conditional_shaped": {
    "criteria": {
      "has_item": "2024-07-05 16:50:04 +0000"
    },
    "done": true
  },
  "expanded_combat:recipes/combat/iron_crossbow_conditional_shaped": {
    "criteria": {
      "has_item": "2024-07-05 16:50:04 +0000"
    },
    "done": true
  },
  "minecraft:recipes/building_blocks/iron_block": {
    "criteria": {
      "has_iron_ingot": "2024-07-05 16:50:04 +0000"
    },
    "done": true
  },
  "expanded_combat:recipes/combat/iron_gauntlet_conditional_shaped": {
    "criteria": {
      "has_item": "2024-07-05 16:50:04 +0000"
    },
    "done": true
  },
  "expanded_combat:recipes/combat/iron_spear_conditional_shaped": {
    "criteria": {
      "has_item": "2024-07-05 16:50:04 +0000"
    },
    "done": true
  },
  "expanded_combat:recipes/combat/iron_broad_sword_conditional_shaped": {
    "criteria": {
      "has_item": "2024-07-05 16:50:04 +0000"
    },
    "done": true
  },
  "ec_es_plugin:recipes/combat/iron_ninja_gauntlet_conditional_shaped": {
    "criteria": {
      "has_item": "2024-07-05 16:50:04 +0000"
    },
    "done": true
  },
  "minecraft:recipes/redstone/hopper": {
    "criteria": {
      "has_iron_ingot": "2024-07-05 16:50:04 +0000"
    },
    "done": true
  },
  "aether:recipes/combat/iron_gloves": {
    "criteria": {
      "has_iron": "2024-07-05 16:50:04 +0000"
    },
    "done": true
  },
  "minecraft:recipes/combat/iron_boots": {
    "criteria": {
      "has_iron_ingot": "2024-07-05 16:50:04 +0000"
    },
    "done": true
  },
  "minecraft:recipes/tools/iron_shovel": {
    "criteria": {
      "has_iron_ingot": "2024-07-05 16:50:04 +0000"
    },
    "done": true
  },
  "decorative_blocks:recipes/building_blocks/chain": {
    "criteria": {
      "has_ingot": "2024-07-05 16:50:04 +0000"
    },
    "done": true
  },
  "expanded_combat:recipes/combat/iron_claymore_conditional_shaped": {
    "criteria": {
      "has_item": "2024-07-05 16:50:04 +0000"
    },
    "done": true
  },
  "minecraft:recipes/redstone/iron_trapdoor": {
    "criteria": {
      "has_iron_ingot": "2024-07-05 16:50:04 +0000"
    },
    "done": true
  },
  "decorative_blocks:recipes/building_blocks/bar_panel": {
    "criteria": {
      "has_ingot": "2024-07-05 16:50:04 +0000"
    },
    "done": true
  },
  "expanded_combat:recipes/combat/iron_scythe_conditional_shaped": {
    "criteria": {
      "has_item": "2024-07-05 16:50:04 +0000"
    },
    "done": true
  },
  "minecraft:recipes/redstone/heavy_weighted_pressure_plate": {
    "criteria": {
      "has_iron_ingot": "2024-07-05 16:50:04 +0000"
    },
    "done": true
  },
  "minecraft:recipes/combat/iron_leggings": {
    "criteria": {
      "has_iron_ingot": "2024-07-05 16:50:04 +0000"
    },
    "done": true
  },
  "expanded_combat:recipes/combat/iron_bow_conditional_shaped_skip": {
    "criteria": {
      "has_item": "2024-07-05 16:50:04 +0000"
    },
    "done": true
  },
  "undergarden:recipes/tools/catalyst": {
    "criteria": {
      "has_iron": "2024-07-05 16:50:04 +0000"
    },
    "done": true
  },
  "minecraft:recipes/combat/iron_chestplate": {
    "criteria": {
      "has_iron_ingot": "2024-07-05 16:50:04 +0000"
    },
    "done": true
  },
  "expanded_combat:recipes/combat/iron_arrow_conditional_shaped": {
    "criteria": {
      "has_item": "2024-07-05 16:50:04 +0000"
    },
    "done": true
  },
  "minecraft:recipes/misc/iron_nugget": {
    "criteria": {
      "has_iron_ingot": "2024-07-05 16:50:04 +0000"
    },
    "done": true
  },
  "minecraft:recipes/misc/bucket": {
    "criteria": {
      "has_iron_ingot": "2024-07-05 16:50:04 +0000"
    },
    "done": true
  },
  "minecraft:recipes/transportation/minecart": {
    "criteria": {
      "has_iron_ingot": "2024-07-05 16:50:04 +0000"
    },
    "done": true
  },
  "minecraft:recipes/tools/iron_hoe": {
    "criteria": {
      "has_iron_ingot": "2024-07-05 16:50:04 +0000"
    },
    "done": true
  },
  "expanded_combat:recipes/combat/iron_dagger_conditional_shaped": {
    "criteria": {
      "has_item": "2024-07-05 16:50:04 +0000"
    },
    "done": true
  },
  "expanded_combat:recipes/combat/iron_dancer_s_sword_conditional_shaped": {
    "criteria": {
      "has_item": "2024-07-05 16:50:04 +0000"
    },
    "done": true
  },
  "minecraft:story/smelt_iron": {
    "criteria": {
      "iron": "2024-07-05 16:50:04 +0000"
    },
    "done": true
  },
  "expanded_combat:recipes/combat/iron_mace_conditional_shaped": {
    "criteria": {
      "has_item": "2024-07-05 16:50:04 +0000"
    },
    "done": true
  },
  "minecraft:recipes/decorations/smithing_table": {
    "criteria": {
      "has_iron_ingot": "2024-07-05 16:50:04 +0000"
    },
    "done": true
  },
  "minecraft:recipes/combat/iron_sword": {
    "criteria": {
      "has_iron_ingot": "2024-07-05 16:50:04 +0000"
    },
    "done": true
  },
  "minecraft:recipes/tools/iron_pickaxe": {
    "criteria": {
      "has_iron_ingot": "2024-07-05 16:50:04 +0000"
    },
    "done": true
  },
  "minecraft:recipes/combat/shield": {
    "criteria": {
      "has_iron_ingot": "2024-07-05 16:50:04 +0000"
    },
    "done": true
  },
  "expanded_combat:recipes/combat/iron_flail_conditional_shaped": {
    "criteria": {
      "has_item": "2024-07-05 16:50:04 +0000"
    },
    "done": true
  },
  "minecraft:recipes/decorations/iron_bars": {
    "criteria": {
      "has_iron_ingot": "2024-07-05 16:50:04 +0000"
    },
    "done": true
  },
  "aether:recipes/decorations/skyroot_smithing_table": {
    "criteria": {
      "has_iron_ingot": "2024-07-05 16:50:04 +0000"
    },
    "done": true
  },
  "aether:recipes/combat/skyroot_iron_vanilla_shield": {
    "criteria": {
      "has_iron_ingot": "2024-07-05 16:50:04 +0000"
    },
    "done": true
  },
  "expanded_combat:recipes/combat/iron_great_hammer_conditional_shaped": {
    "criteria": {
      "has_item": "2024-07-05 16:50:04 +0000"
    },
    "done": true
  },
  "expanded_combat:recipes/combat/half_iron_bow_conditional_120_smithing": {
    "criteria": {
      "has_item": "2024-07-05 16:50:04 +0000"
    },
    "done": true
  },
  "expanded_combat:recipes/combat/iron_quiver_conditional_shaped": {
    "criteria": {
      "has_item": "2024-07-05 16:50:04 +0000"
    },
    "done": true
  },
  "man_of_many_planes:misc/expanded_aircraftery": {
    "criteria": {
      "has_item": "2024-07-05 16:50:04 +0000"
    },
    "done": true
  },
  "aether:recipes/combat/iron_ring": {
    "criteria": {
      "has_iron_ingot": "2024-07-05 16:50:04 +0000"
    },
    "done": true
  },
  "minecraft:recipes/tools/iron_axe": {
    "criteria": {
      "has_iron_ingot": "2024-07-05 16:50:04 +0000"
    },
    "done": true
  },
  "treasure2:recipes/tools/key_ring": {
    "criteria": {
      "has_iron": "2024-07-05 16:50:04 +0000"
    },
    "done": true
  },
  "expanded_combat:recipes/combat/iron_katana_conditional_shaped": {
    "criteria": {
      "has_item": "2024-07-05 16:50:04 +0000"
    },
    "done": true
  },
  "minecraft:recipes/redstone/iron_door": {
    "criteria": {
      "has_iron_ingot": "2024-07-05 16:50:04 +0000"
    },
    "done": true
  },
  "block_variants:recipes/decorations/stonecutting/smooth_basalt_wall": {
    "criteria": {
      "has_smooth_basalt": "2024-07-05 16:51:26 +0000"
    },
    "done": true
  },
  "block_variants:recipes/building_blocks/smooth_basalt_slab": {
    "criteria": {
      "has_smooth_basalt": "2024-07-05 16:51:26 +0000"
    },
    "done": true
  },
  "block_variants:recipes/decorations/smooth_basalt_wall": {
    "criteria": {
      "has_smooth_basalt": "2024-07-05 16:51:26 +0000"
    },
    "done": true
  },
  "block_variants:recipes/building_blocks/stonecutting/smooth_basalt_slab": {
    "criteria": {
      "has_smooth_basalt": "2024-07-05 16:51:26 +0000"
    },
    "done": true
  },
  "block_variants:recipes/building_blocks/stonecutting/smooth_basalt_stairs": {
    "criteria": {
      "has_smooth_basalt": "2024-07-05 16:51:26 +0000"
    },
    "done": true
  },
  "block_variants:recipes/building_blocks/smooth_basalt_stairs": {
    "criteria": {
      "has_smooth_basalt": "2024-07-05 16:51:26 +0000"
    },
    "done": true
  },
  "block_variants:recipes/building_blocks/calcite_stairs": {
    "criteria": {
      "has_calcite": "2024-07-05 16:51:28 +0000"
    },
    "done": true
  },
  "block_variants:recipes/building_blocks/calcite_slab": {
    "criteria": {
      "has_calcite": "2024-07-05 16:51:28 +0000"
    },
    "done": true
  },
  "block_variants:recipes/decorations/stonecutting/calcite_wall": {
    "criteria": {
      "has_calcite": "2024-07-05 16:51:28 +0000"
    },
    "done": true
  },
  "block_variants:recipes/building_blocks/stonecutting/calcite_slab": {
    "criteria": {
      "has_calcite": "2024-07-05 16:51:28 +0000"
    },
    "done": true
  },
  "block_variants:recipes/decorations/calcite_wall": {
    "criteria": {
      "has_calcite": "2024-07-05 16:51:28 +0000"
    },
    "done": true
  },
  "block_variants:recipes/building_blocks/stonecutting/calcite_stairs": {
    "criteria": {
      "has_calcite": "2024-07-05 16:51:28 +0000"
    },
    "done": true
  },
  "block_variants:recipes/building_blocks/amethyst_block_stairs": {
    "criteria": {
      "has_amethyst_block": "2024-07-05 16:51:31 +0000"
    },
    "done": true
  },
  "block_variants:recipes/building_blocks/amethyst_block_slab": {
    "criteria": {
      "has_amethyst_block": "2024-07-05 16:51:31 +0000"
    },
    "done": true
  },
  "block_variants:recipes/decorations/amethyst_block_wall": {
    "criteria": {
      "has_amethyst_block": "2024-07-05 16:51:31 +0000"
    },
    "done": true
  },
  "decorative_blocks:recipes/building_blocks/spruce_support": {
    "criteria": {
      "has_plank": "2024-07-05 16:52:04 +0000"
    },
    "done": true
  },
  "expanded_combat:recipes/combat/spruce_plank_spear_conditional_shaped": {
    "criteria": {
      "has_item": "2024-07-05 16:52:04 +0000"
    },
    "done": true
  },
  "expanded_combat:recipes/combat/spruce_plank_scythe_conditional_shaped": {
    "criteria": {
      "has_item": "2024-07-05 16:52:04 +0000"
    },
    "done": true
  },
  "expanded_combat:recipes/combat/spruce_plank_broad_sword_conditional_shaped": {
    "criteria": {
      "has_item": "2024-07-05 16:52:04 +0000"
    },
    "done": true
  },
  "minecraft:recipes/decorations/spruce_fence": {
    "criteria": {
      "has_planks": "2024-07-05 16:52:04 +0000"
    },
    "done": true
  },
  "expanded_combat:recipes/combat/spruce_plank_dancer_s_sword_conditional_shaped": {
    "criteria": {
      "has_item": "2024-07-05 16:52:04 +0000"
    },
    "done": true
  },
  "expanded_combat:recipes/combat/spruce_plank_flail_conditional_shaped": {
    "criteria": {
      "has_item": "2024-07-05 16:52:04 +0000"
    },
    "done": true
  },
  "minecraft:recipes/redstone/spruce_button": {
    "criteria": {
      "has_planks": "2024-07-05 16:52:04 +0000"
    },
    "done": true
  },
  "expanded_combat:recipes/combat/spruce_plank_battle_staff_conditional_shaped": {
    "criteria": {
      "has_item": "2024-07-05 16:52:04 +0000"
    },
    "done": true
  },
  "expanded_combat:recipes/combat/spruce_plank_sickle_conditional_shaped": {
    "criteria": {
      "has_item": "2024-07-05 16:52:04 +0000"
    },
    "done": true
  },
  "expanded_combat:recipes/combat/spruce_plank_mace_conditional_shaped": {
    "criteria": {
      "has_item": "2024-07-05 16:52:04 +0000"
    },
    "done": true
  },
  "minecraft:recipes/redstone/spruce_pressure_plate": {
    "criteria": {
      "has_planks": "2024-07-05 16:52:04 +0000"
    },
    "done": true
  },
  "expanded_combat:recipes/combat/spruce_plank_dagger_conditional_shaped": {
    "criteria": {
      "has_item": "2024-07-05 16:52:04 +0000"
    },
    "done": true
  },
  "expanded_combat:recipes/combat/spruce_plank_glaive_conditional_shaped": {
    "criteria": {
      "has_item": "2024-07-05 16:52:04 +0000"
    },
    "done": true
  },
  "expanded_combat:recipes/combat/spruce_plank_cutlass_conditional_shaped": {
    "criteria": {
      "has_item": "2024-07-05 16:52:04 +0000"
    },
    "done": true
  },
  "expanded_combat:recipes/combat/spruce_plank_claymore_conditional_shaped": {
    "criteria": {
      "has_item": "2024-07-05 16:52:04 +0000"
    },
    "done": true
  },
  "decorative_blocks:recipes/building_blocks/spruce_seat": {
    "criteria": {
      "has_plank": "2024-07-05 16:52:04 +0000"
    },
    "done": true
  },
  "minecraft:recipes/decorations/spruce_sign": {
    "criteria": {
      "has_planks": "2024-07-05 16:52:04 +0000"
    },
    "done": true
  },
  "minecraft:recipes/building_blocks/spruce_slab": {
    "criteria": {
      "has_planks": "2024-07-05 16:52:04 +0000"
    },
    "done": true
  },
  "expanded_combat:recipes/combat/spruce_plank_katana_conditional_shaped": {
    "criteria": {
      "has_item": "2024-07-05 16:52:04 +0000"
    },
    "done": true
  },
  "minecraft:recipes/redstone/spruce_trapdoor": {
    "criteria": {
      "has_planks": "2024-07-05 16:52:04 +0000"
    },
    "done": true
  },
  "minecraft:recipes/redstone/spruce_door": {
    "criteria": {
      "has_planks": "2024-07-05 16:52:04 +0000"
    },
    "done": true
  },
  "minecraft:recipes/redstone/spruce_fence_gate": {
    "criteria": {
      "has_planks": "2024-07-05 16:52:04 +0000"
    },
    "done": true
  },
  "expanded_combat:recipes/combat/spruce_plank_great_hammer_conditional_shaped": {
    "criteria": {
      "has_item": "2024-07-05 16:52:04 +0000"
    },
    "done": true
  },
  "minecraft:recipes/building_blocks/spruce_stairs": {
    "criteria": {
      "has_planks": "2024-07-05 16:52:04 +0000"
    },
    "done": true
  },
  "minecraft:recipes/food/cooked_rabbit": {
    "criteria": {
      "has_rabbit": "2024-07-05 17:17:09 +0000"
    },
    "done": true
  },
  "minecraft:recipes/food/cooked_rabbit_from_campfire_cooking": {
    "criteria": {
      "has_rabbit": "2024-07-05 17:17:09 +0000"
    },
    "done": true
  },
  "minecraft:recipes/misc/leather": {
    "criteria": {
      "has_rabbit_hide": "2024-07-05 17:17:09 +0000"
    },
    "done": true
  },
  "expanded_combat:recipes/combat/rabbit_leather_gauntlet_conditional_shaped": {
    "criteria": {
      "has_item": "2024-07-05 17:17:09 +0000"
    },
    "done": true
  },
  "minecraft:recipes/food/cooked_rabbit_from_smoking": {
    "criteria": {
      "has_rabbit": "2024-07-05 17:17:09 +0000"
    },
    "done": true
  },
  "backpacked:recipes/misc/backpack": {
    "criteria": {
      "has_hide": "2024-07-05 17:17:09 +0000"
    },
    "done": true
  },
  "expanded_combat:recipes/combat/rabbit_leather_quiver_conditional_shaped": {
    "criteria": {
      "has_item": "2024-07-05 17:17:09 +0000"
    },
    "done": true
  },
  "expanded_combat:recipes/combat/leather_stick_conditional_shaped": {
    "criteria": {
      "has_item": "2024-07-05 17:24:37 +0000"
    },
    "done": true
  },
  "expanded_combat:recipes/combat/iron_stick_conditional_shaped": {
    "criteria": {
      "has_item": "2024-07-05 17:24:37 +0000"
    },
    "done": true
  },
  "aether:recipes/tools/stone_pickaxe_repairing": {
    "criteria": {
      "has_stone_pickaxe": "2024-07-05 17:24:52 +0000"
    },
    "done": true
  },
  "minecraft:recipes/decorations/torch": {
    "criteria": {
      "has_stone_pickaxe": "2024-07-05 17:24:52 +0000"
    },
    "done": true
  },
  "minecraft:story/upgrade_tools": {
    "criteria": {
      "stone_pickaxe": "2024-07-05 17:24:52 +0000"
    },
    "done": true
  },
  "aether:recipes/tools/stone_axe_repairing": {
    "criteria": {
      "has_stone_axe": "2024-07-05 17:24:59 +0000"
    },
    "done": true
  },
  "minecraft:adventure/kill_all_mobs": {
    "criteria": {
      "minecraft:skeleton": "2024-07-05 17:39:55 +0000",
      "minecraft:creeper": "2024-07-05 17:36:43 +0000",
      "minecraft:zombie": "2024-07-05 17:34:55 +0000"
    },
    "done": false
  },
  "minecraft:adventure/kill_a_mob": {
    "criteria": {
      "minecraft:zombie": "2024-07-05 17:34:55 +0000"
    },
    "done": true
  },
  "royalvariations:rotten_king": {
    "criteria": {
      "rotten_king": "2024-07-05 17:35:02 +0000"
    },
    "done": true
  },
  "royalvariations:royal_variations_achievement": {
    "criteria": {
      "royal_variations_achievement": "2024-07-05 17:35:02 +0000"
    },
    "done": true
  },
  "minecraft:recipes/transportation/carrot_on_a_stick": {
    "criteria": {
      "has_carrot": "2024-07-05 17:35:07 +0000"
    },
    "done": true
  },
  "minecraft:recipes/misc/firework_rocket_simple": {
    "criteria": {
      "has_gunpowder": "2024-07-05 17:36:49 +0000"
    },
    "done": true
  },
  "dungeonnowloading:recipes/combat/explosive_barrel": {
    "criteria": {
      "has_gunpowder": "2024-07-05 17:36:49 +0000"
    },
    "done": true
  },
  "minecraft:recipes/redstone/tnt": {
    "criteria": {
      "has_gunpowder": "2024-07-05 17:36:49 +0000"
    },
    "done": true
  },
  "aether:recipes/building_blocks/packed_ice_freezing": {
    "criteria": {
      "has_water_bucket": "2024-07-05 17:38:52 +0000"
    },
    "done": true
  },
  "minecraft:recipes/brewing/cauldron": {
    "criteria": {
      "has_water_bucket": "2024-07-05 17:38:52 +0000"
    },
    "done": true
  },
  "aether:recipes/building_blocks/blue_ice_freezing": {
    "criteria": {
      "has_water_bucket": "2024-07-05 17:38:52 +0000"
    },
    "done": true
  },
  "aether:recipes/building_blocks/ice_from_bucket_freezing": {
    "criteria": {
      "has_water_bucket": "2024-07-05 17:38:52 +0000"
    },
    "done": true
  },
  "royalvariations:bony_king": {
    "criteria": {
      "bony_king": "2024-07-05 17:39:42 +0000"
    },
    "done": true
  },
  "minecraft:recipes/building_blocks/quartz_slab": {
    "criteria": {
      "has_quartz_block": "2024-07-05 18:02:04 +0000"
    },
    "done": true
  },
  "minecraft:recipes/tools/golden_axe": {
    "criteria": {
      "has_gold_ingot": "2024-07-05 18:02:36 +0000"
    },
    "done": true
  },
  "expanded_combat:recipes/combat/gold_great_hammer_conditional_shaped": {
    "criteria": {
      "has_item": "2024-07-05 18:02:36 +0000"
    },
    "done": true
  },
  "minecraft:recipes/tools/golden_pickaxe": {
    "criteria": {
      "has_gold_ingot": "2024-07-05 18:02:36 +0000"
    },
    "done": true
  },
  "minecraft:recipes/building_blocks/quartz_bricks": {
    "criteria": {
      "has_quartz_block": "2024-07-05 18:02:04 +0000"
    },
    "done": true
  },
  "minecraft:recipes/misc/gold_nugget": {
    "criteria": {
      "has_gold_ingot": "2024-07-05 18:02:36 +0000"
    },
    "done": true
  },
  "minecraft:recipes/tools/golden_shovel": {
    "criteria": {
      "has_gold_ingot": "2024-07-05 18:02:36 +0000"
    },
    "done": true
  },
  "minecraft:recipes/food/golden_apple": {
    "criteria": {
      "has_gold_ingot": "2024-07-05 18:02:36 +0000"
    },
    "done": true
  },
  "minecraft:recipes/combat/golden_boots": {
    "criteria": {
      "has_gold_ingot": "2024-07-05 18:02:36 +0000"
    },
    "done": true
  },
  "block_variants:recipes/decorations/stonecutting/quartz_wall": {
    "criteria": {
      "has_quartz_block": "2024-07-05 18:02:04 +0000"
    },
    "done": true
  },
  "minecraft:recipes/combat/golden_chestplate": {
    "criteria": {
      "has_gold_ingot": "2024-07-05 18:02:36 +0000"
    },
    "done": true
  },
  "block_variants:recipes/building_blocks/stonecutting/chiseled_quartz_block_slab_from_quartz_block": {
    "criteria": {
      "has_quartz_block": "2024-07-05 18:02:04 +0000"
    },
    "done": true
  },
  "block_variants:recipes/building_blocks/stonecutting/quartz_brick_stairs_from_quartz_block": {
    "criteria": {
      "has_quartz_block": "2024-07-05 18:02:04 +0000"
    },
    "done": true
  },
  "expanded_combat:recipes/combat/gold_broad_sword_conditional_shaped": {
    "criteria": {
      "has_item": "2024-07-05 18:02:36 +0000"
    },
    "done": true
  },
  "minecraft:recipes/redstone/light_weighted_pressure_plate": {
    "criteria": {
      "has_gold_ingot": "2024-07-05 18:02:36 +0000"
    },
    "done": true
  },
  "expanded_combat:recipes/combat/gold_katana_conditional_shaped": {
    "criteria": {
      "has_item": "2024-07-05 18:02:36 +0000"
    },
    "done": true
  },
  "expanded_combat:recipes/combat/gold_sickle_conditional_shaped": {
    "criteria": {
      "has_item": "2024-07-05 18:02:36 +0000"
    },
    "done": true
  },
  "block_variants:recipes/decorations/quartz_wall": {
    "criteria": {
      "has_quartz_block": "2024-07-05 18:02:04 +0000"
    },
    "done": true
  },
  "minecraft:recipes/building_blocks/quartz_stairs": {
    "criteria": {
      "has_quartz_block": "2024-07-05 18:02:04 +0000"
    },
    "done": true
  },
  "aether:recipes/combat/golden_ring": {
    "criteria": {
      "has_gold_ingot": "2024-07-05 18:02:36 +0000"
    },
    "done": true
  },
  "expanded_combat:recipes/combat/gold_bow_conditional_120_smithing": {
    "criteria": {
      "has_item": "2024-07-05 18:02:36 +0000"
    },
    "done": true
  },
  "expanded_combat:recipes/combat/gold_bow_conditional_shaped": {
    "criteria": {
      "has_item": "2024-07-05 18:02:36 +0000"
    },
    "done": true
  },
  "expanded_combat:recipes/combat/gold_glaive_conditional_shaped": {
    "criteria": {
      "has_item": "2024-07-05 18:02:36 +0000"
    },
    "done": true
  },
  "block_variants:recipes/building_blocks/stonecutting/chiseled_quartz_block_stairs_from_quartz_block": {
    "criteria": {
      "has_quartz_block": "2024-07-05 18:02:04 +0000"
    },
    "done": true
  },
  "minecraft:recipes/combat/golden_sword": {
    "criteria": {
      "has_gold_ingot": "2024-07-05 18:02:36 +0000"
    },
    "done": true
  },
  "minecraft:recipes/building_blocks/gold_block": {
    "criteria": {
      "has_gold_ingot": "2024-07-05 18:02:36 +0000"
    },
    "done": true
  },
  "minecraft:recipes/building_blocks/chiseled_quartz_block_from_quartz_block_stonecutting": {
    "criteria": {
      "has_quartz_block": "2024-07-05 18:02:04 +0000"
    },
    "done": true
  },
  "expanded_combat:recipes/combat/gold_gauntlet_conditional_shaped": {
    "criteria": {
      "has_item": "2024-07-05 18:02:36 +0000"
    },
    "done": true
  },
  "expanded_combat:recipes/combat/gold_mace_conditional_shaped": {
    "criteria": {
      "has_item": "2024-07-05 18:02:36 +0000"
    },
    "done": true
  },
  "expanded_combat:recipes/combat/gold_flail_conditional_shaped": {
    "criteria": {
      "has_item": "2024-07-05 18:02:36 +0000"
    },
    "done": true
  },
  "minecraft:recipes/building_blocks/quartz_slab_from_stonecutting": {
    "criteria": {
      "has_quartz_block": "2024-07-05 18:02:04 +0000"
    },
    "done": true
  },
  "expanded_combat:recipes/combat/gold_quiver_conditional_shaped": {
    "criteria": {
      "has_item": "2024-07-05 18:02:36 +0000"
    },
    "done": true
  },
  "block_variants:recipes/decorations/stonecutting/chiseled_quartz_block_wall_from_quartz_block": {
    "criteria": {
      "has_quartz_block": "2024-07-05 18:02:04 +0000"
    },
    "done": true
  },
  "expanded_combat:recipes/combat/gold_spear_conditional_shaped": {
    "criteria": {
      "has_item": "2024-07-05 18:02:36 +0000"
    },
    "done": true
  },
  "minecraft:recipes/combat/golden_helmet": {
    "criteria": {
      "has_gold_ingot": "2024-07-05 18:02:36 +0000"
    },
    "done": true
  },
  "expanded_combat:recipes/combat/gold_dancer_s_sword_conditional_shaped": {
    "criteria": {
      "has_item": "2024-07-05 18:02:36 +0000"
    },
    "done": true
  },
  "ec_es_plugin:recipes/combat/gold_ninja_gauntlet_conditional_shaped": {
    "criteria": {
      "has_item": "2024-07-05 18:02:36 +0000"
    },
    "done": true
  },
  "minecraft:recipes/building_blocks/quartz_pillar_from_quartz_block_stonecutting": {
    "criteria": {
      "has_quartz_block": "2024-07-05 18:02:04 +0000"
    },
    "done": true
  },
  "expanded_combat:recipes/combat/gold_battle_staff_conditional_shaped": {
    "criteria": {
      "has_item": "2024-07-05 18:02:36 +0000"
    },
    "done": true
  },
  "expanded_combat:recipes/combat/gold_claymore_conditional_shaped": {
    "criteria": {
      "has_item": "2024-07-05 18:02:36 +0000"
    },
    "done": true
  },
  "minecraft:recipes/building_blocks/quartz_pillar": {
    "criteria": {
      "has_quartz_block": "2024-07-05 18:02:04 +0000"
    },
    "done": true
  },
  "minecraft:recipes/building_blocks/quartz_stairs_from_quartz_block_stonecutting": {
    "criteria": {
      "has_quartz_block": "2024-07-05 18:02:04 +0000"
    },
    "done": true
  },
  "block_variants:recipes/building_blocks/stonecutting/quartz_brick_slab_from_quartz_block": {
    "criteria": {
      "has_quartz_block": "2024-07-05 18:02:04 +0000"
    },
    "done": true
  },
  "expanded_combat:recipes/combat/gold_bow_conditional_shaped_skip": {
    "criteria": {
      "has_item": "2024-07-05 18:02:36 +0000"
    },
    "done": true
  },
  "expanded_combat:recipes/combat/half_gold_bow_conditional_shaped": {
    "criteria": {
      "has_item": "2024-07-05 18:02:36 +0000"
    },
    "done": true
  },
  "minecraft:recipes/building_blocks/smooth_quartz": {
    "criteria": {
      "has_quartz_block": "2024-07-05 18:02:04 +0000"
    },
    "done": true
  },
  "minecraft:recipes/building_blocks/chiseled_quartz_block": {
    "criteria": {
      "has_quartz_block": "2024-07-05 18:02:04 +0000"
    },
    "done": true
  },
  "minecraft:recipes/building_blocks/quartz_bricks_from_quartz_block_stonecutting": {
    "criteria": {
      "has_quartz_block": "2024-07-05 18:02:04 +0000"
    },
    "done": true
  },
  "expanded_combat:recipes/combat/gold_dagger_conditional_shaped": {
    "criteria": {
      "has_item": "2024-07-05 18:02:36 +0000"
    },
    "done": true
  },
  "block_variants:recipes/decorations/stonecutting/quartz_brick_wall_from_quartz_block": {
    "criteria": {
      "has_quartz_block": "2024-07-05 18:02:04 +0000"
    },
    "done": true
  },
  "expanded_combat:recipes/combat/gold_cutlass_conditional_shaped": {
    "criteria": {
      "has_item": "2024-07-05 18:02:36 +0000"
    },
    "done": true
  },
  "aether:recipes/combat/golden_gloves": {
    "criteria": {
      "has_gold": "2024-07-05 18:02:36 +0000"
    },
    "done": true
  },
  "expanded_combat:recipes/combat/gold_scythe_conditional_shaped": {
    "criteria": {
      "has_item": "2024-07-05 18:02:36 +0000"
    },
    "done": true
  },
  "minecraft:recipes/tools/golden_hoe": {
    "criteria": {
      "has_gold_ingot": "2024-07-05 18:02:36 +0000"
    },
    "done": true
  },
  "expanded_combat:recipes/combat/gold_crossbow_conditional_shaped": {
    "criteria": {
      "has_item": "2024-07-05 18:02:36 +0000"
    },
    "done": true
  },
  "aether:recipes/combat/golden_pendant": {
    "criteria": {
      "has_gold_ingot": "2024-07-05 18:02:36 +0000"
    },
    "done": true
  },
  "expanded_combat:recipes/combat/half_gold_bow_conditional_120_smithing": {
    "criteria": {
      "has_item": "2024-07-05 18:02:36 +0000"
    },
    "done": true
  },
  "minecraft:recipes/combat/golden_leggings": {
    "criteria": {
      "has_gold_ingot": "2024-07-05 18:02:36 +0000"
    },
    "done": true
  },
  "DataVersion": 3465
}